0_0001001_0_1011111,380.000000,385.213677,0.013535
0_0001010_0_1110110,944.000000,952.958367,0.009401
0_0001010_0_1010101,680.000000,683.499381,0.005120
0_0001001_0_1000100,272.000000,273.494143,0.005463
0_0000110_1_1110000,-56.000000,-59.046731,0.051599
0_0001000_0_1111010,244.000000,246.795242,0.011326
0_0001010_0_1011110,752.000000,756.985075,0.006585
0_0000111_0_1010000,80.000000,78.015359,0.025439
0_0001000_0_1101110,220.000000,223.142504,0.014083
0_0000011_0_1000000,4.000000,2.639893,0.515213
0_0001001_0_1100010,392.000000,396.902178,0.012351
0_0000111_1_1101000,-104.000000,-102.505886,0.014576
0_0001010_0_1001001,584.000000,589.056891,0.008585
0_0001010_0_1001000,576.000000,586.727270,0.018283
0_0001001_0_1000100,272.000000,276.188077,0.015164
0_0001010_1_1001101,-616.000000,-621.097819,0.008208
0_0000111_1_1010111,-87.000000,-86.882632,0.001351
0_0000100_1_1010000,-10.000000,-11.503299,0.130684
0_0001001_1_1000110,-280.000000,-284.218484,0.014842
0_0001000_1_1101000,-208.000000,-208.648942,0.003110
0_0001010_1_1011111,-760.000000,-765.381919,0.007032
0_0000111_0_1111100,124.000000,126.234909,0.017704
0_0001010_0_1010100,672.000000,679.127460,0.010495
0_0001001_0_1111001,484.000000,488.963024,0.010150
0_0000110_1_1000000,-32.000000,-33.408072,0.042148
0_0001000_0_1000010,132.000000,133.298632,0.009742
0_0001001_0_1110011,460.000000,460.719845,0.001562
0_0001010_1_1001101,-616.000000,-622.078742,0.009772
0_0001001_0_1000110,280.000000,283.449246,0.012169
0_0001001_1_1001110,-312.000000,-311.920107,0.000256
0_0000110_0_1110000,56.000000,57.652893,0.028670
0_0001000_1_1110111,-238.000000,-238.264715,0.001111
0_0001001_0_1010110,344.000000,350.003642,0.017153
0_0001000_0_1011100,184.000000,184.017545,0.000095
0_0000111_1_1100110,-102.000000,-101.272378,0.007185
0_0000101_1_1010000,-20.000000,-18.146118,0.102164
0_0001000_0_1111100,248.000000,250.520424,0.010061
0_0000101_1_1110110,-29.500000,-29.532714,0.001108
0_0001001_0_1110100,464.000000,469.638884,0.012007
0_0000111_0_1011010,90.000000,91.041294,0.011438
0_0001001_1_1001111,-316.000000,-315.077574,0.002928
0_0001000_1_1000000,-128.000000,-126.988629,0.007964
0_0001010_1_1010000,-640.000000,-647.160374,0.011064
0_0001001_0_1010100,336.000000,339.433024,0.010114
0_0000110_0_1001100,38.000000,37.653563,0.009201
0_0001010_0_1001100,608.000000,611.251527,0.005319
0_0000111_1_1001100,-76.000000,-77.767751,0.022731
0_0001000_0_1110110,236.000000,237.965607,0.008260
0_0001001_0_1111101,500.000000,503.835292,0.007612
0_0000111_1_1101110,-110.000000,-110.818641,0.007387
0_0001010_0_1001101,616.000000,618.975900,0.004808
0_0001010_1_1000100,-544.000000,-547.138624,0.005736
0_0001001_1_1101111,-444.000000,-445.768767,0.003968
0_0000111_0_1011100,92.000000,92.002123,0.000023
0_0001000_1_1010010,-164.000000,-163.612793,0.002367
0_0001000_1_1000010,-132.000000,-131.299404,0.005336
0_0000110_0_1000000,32.000000,29.298157,0.092219
0_0001001_0_1000111,284.000000,286.032108,0.007104
0_0001010_1_1001110,-624.000000,-626.486375,0.003969
0_0001000_1_1100100,-200.000000,-199.830298,0.000849
0_0000100_1_1011000,-11.000000,-10.791709,0.019301
0_0001000_0_1000010,132.000000,130.796533,0.009201
0_0001010_1_1110000,-896.000000,-901.223614,0.005796
0_0000111_0_1001000,72.000000,73.287672,0.017570
0_0001010_1_1110001,-904.000000,-912.163053,0.008949
0_0001001_0_1000111,284.000000,285.702126,0.005958
0_0001010_0_1000111,568.000000,572.527513,0.007908
0_0001010_0_1010000,640.000000,645.811057,0.008998
0_0001010_1_1001100,-608.000000,-611.185963,0.005213
0_0001001_1_1100100,-400.000000,-401.004162,0.002504
0_0001010_0_1100110,816.000000,823.615509,0.009246
0_0000111_0_1111110,126.000000,127.012615,0.007973
0_0001010_1_1011010,-720.000000,-727.784744,0.010696
0_0001001_1_1001100,-304.000000,-304.787177,0.002583
0_0000111_0_1000000,64.000000,62.563999,0.022953
0_0001010_0_1000101,552.000000,555.769800,0.006783
0_0001010_0_1010000,640.000000,643.133767,0.004873
0_0000111_0_1010100,84.000000,85.425807,0.016691
0_0001000_0_1110010,228.000000,230.500578,0.010848
0_0001000_0_1001010,148.000000,149.219177,0.008170
0_0001001_0_1001010,296.000000,302.946395,0.022929
0_0001000_1_1001110,-156.000000,-155.686627,0.002013
0_0001010_0_1000010,528.000000,530.348279,0.004428
0_0001010_1_1001011,-600.000000,-605.334081,0.008812
0_0001000_0_1001001,146.000000,149.304292,0.022131
0_0001001_1_1000010,-264.000000,-265.831090,0.006888
0_0001001_0_1010010,328.000000,331.184369,0.009615
0_0001000_0_1110011,230.000000,232.691953,0.011569
0_0001010_0_1000111,568.000000,574.557819,0.011414
0_0001010_0_1111000,960.000000,968.614129,0.008893
0_0001000_1_1101000,-208.000000,-208.501007,0.002403
0_0001010_1_1001001,-584.000000,-584.658654,0.001127
0_0000111_1_1001100,-76.000000,-76.290206,0.003804
0_0001001_1_1111000,-480.000000,-480.979986,0.002037
0_0001010_1_1100111,-824.000000,-828.727728,0.005705
0_0001001_0_1111101,500.000000,503.137014,0.006235
0_0001010_1_1001010,-592.000000,-599.310115,0.012198
0_0001001_0_1101001,420.000000,422.793732,0.006608
0_0001000_0_1100100,200.000000,203.519509,0.017293
0_0000111_0_1101110,110.000000,111.140566,0.010262
0_0001000_0_1101111,222.000000,222.551311,0.002477
0_0001001_1_1100000,-384.000000,-384.254362,0.000662
0_0001001_1_1000111,-284.000000,-284.476654,0.001676
0_0001010_0_1110000,896.000000,902.103177,0.006765
0_0001010_1_1100101,-808.000000,-816.619849,0.010556
0_0000111_0_1011100,92.000000,90.834550,0.012830
0_0001001_1_1001000,-288.000000,-288.324031,0.001124
0_0000111_0_1100000,96.000000,92.392242,0.039048
0_0000111_0_1100000,96.000000,94.216755,0.018927
0_0000111_1_1011110,-94.000000,-94.867824,0.009148
0_0001010_1_1011101,-744.000000,-746.663215,0.003567
0_0001000_0_1010111,174.000000,174.863894,0.004940
0_0001001_1_1100111,-412.000000,-409.677778,0.005668
0_0000101_0_1100100,25.000000,24.920981,0.003171
0_0000100_1_1000000,-8.000000,-8.308176,0.037093
0_0001001_0_1101001,420.000000,420.885806,0.002105
0_0001000_0_1001100,152.000000,153.405158,0.009160
0_0000111_0_1111100,124.000000,124.649704,0.005212
0_0001001_0_1010110,344.000000,348.311593,0.012379
0_0001010_1_1000101,-552.000000,-553.113543,0.002013
0_0001001_0_1001111,316.000000,323.162641,0.022164
0_0001000_0_1000001,130.000000,130.817590,0.006250
0_0001001_1_1100001,-388.000000,-388.034080,0.000088
0_0001010_0_1001000,576.000000,577.468190,0.002542
0_0001001_1_1011011,-364.000000,-366.501848,0.006826
0_0001000_0_1101111,222.000000,222.580814,0.002609
0_0001001_1_1101011,-428.000000,-429.426445,0.003322
0_0001000_0_1010100,168.000000,165.953527,0.012332
0_0001001_1_1010110,-344.000000,-345.245802,0.003608
0_0001010_0_1110101,936.000000,944.296858,0.008786
0_0001001_0_1000111,284.000000,289.469013,0.018893
0_0001010_0_1000101,552.000000,557.121094,0.009192
0_0001001_0_1000010,264.000000,268.293666,0.016004
0_0001001_0_1000011,268.000000,272.552746,0.016704
0_0001001_1_1001011,-300.000000,-300.728679,0.002423
0_0001010_0_1011001,712.000000,720.455727,0.011737
0_0001010_1_1101101,-872.000000,-878.114641,0.006963
0_0001010_0_1010111,696.000000,702.764240,0.009625
0_0001010_0_1000001,520.000000,523.708935,0.007082
0_0000111_0_1100000,96.000000,98.080839,0.021216
0_0001010_1_1100110,-816.000000,-819.094047,0.003777
0_0001001_1_1010011,-332.000000,-329.932251,0.006267
0_0001010_1_1010011,-664.000000,-671.628859,0.011359
0_0001001_1_1011100,-368.000000,-369.787008,0.004833
0_0001000_1_1110000,-224.000000,-223.672624,0.001464
0_0001010_1_1010100,-672.000000,-671.938264,0.000092
0_0001000_0_1010100,168.000000,167.403384,0.003564
0_0001000_0_1110110,236.000000,235.780745,0.000930
0_0001010_0_1010001,648.000000,655.913780,0.012065
0_0001010_0_1011100,736.000000,744.564595,0.011503
0_0001001_1_1100111,-412.000000,-413.236725,0.002993
0_0000100_0_1101001,13.125000,13.153616,0.002175
0_0001001_1_1000100,-272.000000,-270.080969,0.007105
0_0000101_0_1001000,18.000000,18.386011,0.020995
0_0001010_0_1100110,816.000000,818.184937,0.002670
0_0001001_0_1010000,320.000000,323.366535,0.010411
0_0001010_1_1000100,-544.000000,-547.061379,0.005596
0_0001001_1_1010000,-320.000000,-320.009555,0.000030
0_0001001_0_1101011,428.000000,432.015821,0.009296
0_0001000_1_1101110,-220.000000,-220.926335,0.004193
0_0001001_1_1011100,-368.000000,-370.531652,0.006832
0_0000011_1_1000000,-4.000000,-1.915881,1.087812
0_0001000_1_1101010,-212.000000,-211.159940,0.003978
0_0000110_1_1111100,-62.000000,-61.547384,0.007354
0_0001000_0_1111010,244.000000,243.311592,0.002829
0_0001001_0_1111001,484.000000,486.977983,0.006115
0_0001000_1_1001110,-156.000000,-155.359830,0.004121
0_0001001_1_1111110,-504.000000,-506.043825,0.004039
0_0001001_1_1110100,-464.000000,-467.402529,0.007280
0_0001001_1_1100101,-404.000000,-409.022457,0.012279
0_0001000_0_1011100,184.000000,183.760852,0.001301
0_0001010_0_1010001,648.000000,653.872459,0.008981
0_0001010_1_1011000,-704.000000,-709.196352,0.007327
0_0001001_1_1011110,-376.000000,-372.842856,0.008468
0_0000111_0_1010100,84.000000,84.928041,0.010927
0_0001001_1_1110000,-448.000000,-448.273714,0.000611
0_0001000_1_1111111,-254.000000,-254.749326,0.002941
0_0001000_0_1001101,154.000000,154.777510,0.005023
0_0001000_1_1011110,-188.000000,-187.117490,0.004716
0_0001000_1_1101100,-216.000000,-215.043280,0.004449
0_0001001_1_1110001,-452.000000,-455.284807,0.007215
0_0001001_1_1100101,-404.000000,-406.457845,0.006047
0_0000110_1_1100000,-48.000000,-48.239394,0.004963
0_0001010_0_1001111,632.000000,639.032060,0.011004
0_0001001_1_1101001,-420.000000,-420.735245,0.001748
0_0001010_0_1011001,712.000000,720.192520,0.011375
0_0001000_1_1100111,-206.000000,-205.158255,0.004103
0_0000110_0_1001000,36.000000,40.529133,0.111750
0_0001001_1_1000001,-260.000000,-259.584040,0.001602
0_0001001_0_1011100,368.000000,370.995283,0.008074
0_0001001_0_1010011,332.000000,337.988394,0.017718
0_0001010_0_1100110,816.000000,820.637606,0.005651
0_0001010_1_1100110,-816.000000,-822.234176,0.007582
0_0001010_1_1001010,-592.000000,-599.287597,0.012160
0_0000100_0_1100000,12.000000,13.451460,0.107904
0_0001000_1_1011100,-184.000000,-184.565472,0.003064
0_0001000_0_1111001,242.000000,242.391332,0.001614
0_0001010_1_1001111,-632.000000,-635.298077,0.005191
0_0001000_0_1011110,188.000000,189.275839,0.006741
0_0001000_0_1010000,160.000000,161.118939,0.006945
0_0001001_0_1010001,324.000000,326.004318,0.006148
0_0001010_0_1100000,768.000000,777.513146,0.012235
0_0001000_0_1000000,128.000000,129.865253,0.014363
0_0000110_0_1110000,56.000000,56.586510,0.010365
0_0001001_1_1001011,-300.000000,-300.649717,0.002161
0_0001000_1_1000000,-128.000000,-127.466779,0.004183
0_0001000_0_1010110,172.000000,174.042716,0.011737
0_0001000_0_1111010,244.000000,249.055182,0.020297
0_0000111_0_1101000,104.000000,102.750826,0.012157
0_0000110_0_1101000,52.000000,51.931283,0.001323
0_0001000_1_1101000,-208.000000,-206.706822,0.006256
0_0001000_1_1111110,-252.000000,-252.570030,0.002257
0_0000110_1_1001000,-36.000000,-36.383494,0.010540
0_0001001_0_1000111,284.000000,285.236557,0.004335
0_0000111_1_1101000,-104.000000,-105.946173,0.018369
0_0001000_0_1000110,140.000000,143.938744,0.027364
0_0000111_0_1011000,88.000000,86.957550,0.011988
0_0001010_0_1000000,512.000000,520.237738,0.015835
0_0000111_1_1011101,-93.000000,-93.814051,0.008677
0_0001001_0_1111111,508.000000,513.259620,0.010247
0_0001010_1_1011110,-752.000000,-756.559063,0.006026
0_0000111_1_1000000,-64.000000,-63.593900,0.006386
0_0001000_0_1101100,216.000000,218.151544,0.009863
0_0001010_1_1001011,-600.000000,-603.084112,0.005114
0_0001010_1_1100001,-776.000000,-786.968629,0.013938
0_0001001_1_1001000,-288.000000,-291.188173,0.010949
0_0001001_0_1100110,408.000000,412.992838,0.012089
0_0001001_1_1101100,-432.000000,-436.233079,0.009704
0_0001000_0_1000000,128.000000,130.585552,0.019800
0_0001000_0_1011000,176.000000,177.522583,0.008577
0_0001010_1_1001101,-616.000000,-619.472134,0.005605
0_0000011_0_1000000,4.000000,3.836865,0.042518
0_0001001_1_1100011,-396.000000,-394.553960,0.003665
0_0001001_1_1000111,-284.000000,-282.665410,0.004721
0_0000111_0_1111000,120.000000,121.203928,0.009933
0_0001010_1_1001110,-624.000000,-629.189007,0.008247
0_0001010_0_1000011,536.000000,538.204966,0.004097
0_0001000_1_1101000,-208.000000,-208.468288,0.002246
0_0001010_0_1010010,656.000000,666.367383,0.015558
0_0001010_1_1001001,-584.000000,-585.980205,0.003379
0_0001001_1_1001010,-296.000000,-297.045656,0.003520
0_0001001_0_1000001,260.000000,263.656343,0.013868
0_0001010_1_1110010,-912.000000,-920.361477,0.009085
0_0000111_0_1010000,80.000000,81.363620,0.016760
0_0001010_1_1110010,-912.000000,-920.717708,0.009468
0_0001001_0_1001100,304.000000,306.263980,0.007392
0_0001000_1_1100010,-196.000000,-192.580113,0.017758
0_0001001_1_1011111,-380.000000,-382.062893,0.005399
0_0000111_1_1001100,-76.000000,-77.758239,0.022612
0_0000111_0_1010100,84.000000,84.093652,0.001114
0_0000111_0_1110100,116.000000,115.514547,0.004203
0_0001000_0_1111000,240.000000,240.868077,0.003604
0_0000111_0_1000010,66.000000,66.771736,0.011558
0_0000111_0_1110110,118.000000,119.206254,0.010119
0_0001010_1_1001000,-576.000000,-581.469339,0.009406
0_0001001_1_1111110,-504.000000,-505.980427,0.003914
0_0001001_0_1010010,328.000000,329.676951,0.005087
0_0000111_0_1011000,88.000000,88.989850,0.011123
0_0001000_1_1101000,-208.000000,-208.861740,0.004126
0_0001010_0_1010010,656.000000,657.049848,0.001598
0_0001001_1_1110101,-468.000000,-468.808829,0.001725
0_0000111_0_1101000,104.000000,102.858645,0.011096
0_0000110_0_1110010,57.000000,57.693601,0.012022
0_0001010_0_1101101,872.000000,878.922682,0.007876
0_0000111_0_1001100,76.000000,78.869649,0.036385
0_0001001_1_1001000,-288.000000,-289.576729,0.005445
0_0001001_1_1010011,-332.000000,-333.934038,0.005792
0_0001000_1_1100100,-200.000000,-200.268479,0.001341
0_0001001_1_1001101,-308.000000,-310.590753,0.008341
0_0001001_0_1100100,400.000000,404.865458,0.012017
0_0001000_1_1011100,-184.000000,-182.469971,0.008385
0_0001001_1_1100001,-388.000000,-391.449851,0.008813
0_0001000_1_1111110,-252.000000,-251.417506,0.002317
0_0000110_1_1000000,-32.000000,-33.632562,0.048541
0_0001000_0_1000111,142.000000,143.874540,0.013029
0_0000110_0_1100000,48.000000,48.218256,0.004526
0_0001000_1_1010100,-168.000000,-168.692681,0.004106
0_0000111_0_1110100,116.000000,114.087153,0.016767
0_0001001_0_1111101,500.000000,504.132198,0.008197
0_0001001_0_1110110,472.000000,475.702745,0.007784
0_0000111_0_1011100,92.000000,92.809096,0.008718
0_0000110_0_1010000,40.000000,38.349083,0.043050
0_0001010_1_1001110,-624.000000,-627.051276,0.004866
0_0001001_1_1011010,-360.000000,-358.713692,0.003586
0_0001001_1_1101101,-436.000000,-437.856100,0.004239
0_0001000_0_1100100,200.000000,202.321259,0.011473
0_0001000_0_1010010,164.000000,165.825583,0.011009
0_0001001_0_1100000,384.000000,387.780154,0.009748
0_0001000_0_1010111,174.000000,175.128797,0.006446
0_0001001_0_1011101,372.000000,377.372087,0.014236
0_0001001_0_1110001,452.000000,458.643851,0.014486
0_0000110_1_1010000,-40.000000,-39.987304,0.000317
0_0001000_1_1000010,-132.000000,-131.660798,0.002576
0_0001010_1_1011100,-736.000000,-740.032006,0.005448
0_0001010_0_1100000,768.000000,772.719641,0.006108
0_0001001_0_1100000,384.000000,387.423507,0.008837
0_0001000_0_1100010,196.000000,198.817766,0.014173
0_0001001_0_1110110,472.000000,477.557081,0.011636
0_0001001_0_1101110,440.000000,444.285422,0.009646
0_0000010_0_1000000,2.000000,2.232867,0.104291
0_0001000_0_1111010,244.000000,246.008625,0.008165
0_0001010_0_1001011,600.000000,604.806618,0.007947
0_0000111_0_1111100,124.000000,124.567985,0.004560
0_0000111_0_1001010,74.000000,74.141955,0.001915
0_0001001_1_1100110,-408.000000,-411.828249,0.009296
0_0000110_0_1111000,60.000000,61.499765,0.024387
0_0001001_0_1011110,376.000000,380.018340,0.010574
0_0001001_1_1001011,-300.000000,-299.461986,0.001797
0_0001000_1_1011100,-184.000000,-185.060196,0.005729
0_0001010_0_1000101,552.000000,562.952881,0.019456
0_0000101_0_1101000,26.000000,26.046984,0.001804
0_0001001_1_1000010,-264.000000,-264.717005,0.002709
0_0001010_1_1111000,-960.000000,-965.193853,0.005381
0_0001001_1_1110001,-452.000000,-451.705366,0.000652
0_0001010_1_1000010,-528.000000,-534.135673,0.011487
0_0001001_1_1110010,-456.000000,-454.111229,0.004159
0_0001010_0_1011101,744.000000,749.794617,0.007728
0_0001001_0_1011001,356.000000,361.767414,0.015942
0_0001000_1_1100110,-204.000000,-204.831667,0.004060
0_0001001_1_1110111,-476.000000,-476.436749,0.000917
0_0001001_0_1110010,456.000000,460.677299,0.010153
0_0001001_1_1000000,-256.000000,-256.078079,0.000305
0_0001010_1_1001011,-600.000000,-600.421181,0.000701
0_0001000_0_1111111,254.000000,256.598305,0.010126
0_0001010_0_1011101,744.000000,749.802158,0.007738
0_0001001_0_1110001,452.000000,456.462231,0.009776
0_0001001_1_1100100,-400.000000,-402.964219,0.007356
0_0001001_0_1111101,500.000000,501.503073,0.002997
0_0001010_0_1001100,608.000000,619.724240,0.018918
0_0001000_1_1110000,-224.000000,-224.437392,0.001949
0_0001001_1_1000111,-284.000000,-287.074188,0.010709
0_0001001_1_1100011,-396.000000,-394.375232,0.004120
0_0001000_1_1100110,-204.000000,-204.885444,0.004322
0_0001000_0_1000110,140.000000,142.507135,0.017593
0_0000110_1_1010000,-40.000000,-41.029452,0.025091
0_0000110_0_1011000,44.000000,48.197184,0.087084
0_0001000_1_1110000,-224.000000,-225.255662,0.005574
0_0001001_1_1111000,-480.000000,-480.345152,0.000719
0_0001001_1_1110111,-476.000000,-476.803492,0.001685
0_0001000_0_1010010,164.000000,163.080850,0.005636
0_0001000_0_1111111,254.000000,256.803210,0.010916
0_0001001_0_1001100,304.000000,306.312668,0.007550
0_0000101_0_1110000,28.000000,29.336580,0.045560
0_0001001_0_1000000,256.000000,259.735861,0.014383
0_0001001_0_1100111,412.000000,416.469456,0.010732
0_0001000_1_1000000,-128.000000,-129.143425,0.008854
0_0001010_0_1000011,536.000000,544.431040,0.015486
0_0000101_1_1100000,-24.000000,-23.045571,0.041415
0_0001000_1_1100000,-192.000000,-194.520396,0.012957
0_0000011_1_1000000,-4.000000,-0.863778,3.630820
0_0001000_0_1100111,206.000000,206.220975,0.001072
0_0001001_0_1110100,464.000000,466.685611,0.005755
0_0001001_0_1001110,312.000000,318.131560,0.019274
0_0001001_0_1010001,324.000000,324.672834,0.002072
0_0001001_1_1100011,-396.000000,-395.416960,0.001474
0_0001001_1_1000000,-256.000000,-255.792546,0.000811
0_0001000_0_1010111,174.000000,176.229776,0.012653
0_0000111_0_1100010,98.000000,98.328232,0.003338
0_0001010_0_1001000,576.000000,584.973487,0.015340
0_0000111_0_1111100,124.000000,124.472707,0.003798
0_0001001_0_1011100,368.000000,371.652053,0.009827
0_0001000_1_1100111,-206.000000,-206.194478,0.000943
0_0001010_1_1010010,-656.000000,-658.168426,0.003295
0_0000101_1_1001000,-18.000000,-19.712401,0.086869
0_0001001_1_1010111,-348.000000,-347.359406,0.001844
0_0000111_0_1101100,108.000000,106.081901,0.018081
0_0001010_0_1100111,824.000000,828.879637,0.005887
0_0001010_1_1011001,-712.000000,-715.323479,0.004646
0_0000111_0_1010100,84.000000,83.309902,0.008283
0_0001010_0_1101001,840.000000,844.729035,0.005598
0_0001000_1_1111100,-248.000000,-245.159552,0.011586
0_0001001_1_1011011,-364.000000,-365.975889,0.005399
0_0001000_0_1111100,248.000000,249.746009,0.006991
0_0001010_0_1001010,592.000000,597.562482,0.009309
0_0001001_0_1000000,256.000000,257.276990,0.004963
0_0001001_1_1001111,-316.000000,-317.974539,0.006210
0_0001001_1_1001000,-288.000000,-287.510293,0.001703
0_0001001_0_1110100,464.000000,471.221846,0.015326
0_0001010_0_1000110,560.000000,565.960961,0.010532
0_0000111_1_1011100,-92.000000,-92.236992,0.002569
0_0001000_0_1001110,156.000000,160.362873,0.027206
0_0001001_0_1011100,368.000000,369.604968,0.004342
0_0000111_0_1101000,104.000000,105.766183,0.016699
0_0001000_0_1101100,216.000000,218.862956,0.013081
0_0000110_1_1100000,-48.000000,-47.390413,0.012863
0_0000110_0_1000000,32.000000,35.071342,0.087574
0_0000111_0_1110000,112.000000,112.298532,0.002658
0_0000111_0_1111100,124.000000,122.649554,0.011011
0_0001010_1_1000100,-544.000000,-544.738697,0.001356
0_0001010_0_1010000,640.000000,644.891539,0.007585
0_0001001_1_1001111,-316.000000,-313.687383,0.007372
0_0001000_1_1100010,-196.000000,-195.381426,0.003166
0_0001001_1_1100100,-400.000000,-398.466336,0.003849
0_0001001_1_1010101,-340.000000,-340.434067,0.001275
0_0001001_1_1001110,-312.000000,-313.821592,0.005805
0_0001000_1_1001111,-158.000000,-158.561640,0.003542
0_0001001_1_1110100,-464.000000,-467.995764,0.008538
0_0001000_0_1000111,142.000000,142.101760,0.000716
0_0000111_1_1000000,-64.000000,-63.528009,0.007430
0_0001001_0_1100010,392.000000,394.981932,0.007550
0_0001001_1_1100000,-384.000000,-383.000781,0.002609
0_0001000_1_1000100,-136.000000,-136.372120,0.002729
0_0001001_1_1011011,-364.000000,-365.657064,0.004532
0_0000111_0_1100000,96.000000,96.933536,0.009631
0_0000101_0_1101000,26.000000,24.848405,0.046345
0_0001000_1_1011000,-176.000000,-175.781777,0.001241
0_0001001_1_1011110,-376.000000,-374.452572,0.004133
0_0001010_1_1000010,-528.000000,-528.253395,0.000480
0_0001010_0_1001001,584.000000,586.663093,0.004539
0_0001001_0_1100000,384.000000,384.651343,0.001693
0_0001001_0_1000110,280.000000,284.502311,0.015825
0_0000110_0_1100100,50.000000,50.551080,0.010901
0_0001001_1_1010001,-324.000000,-326.408407,0.007379
0_0001010_0_1100010,784.000000,792.776109,0.011070
0_0001000_1_1100110,-204.000000,-202.858435,0.005627
0_0001001_1_1001000,-288.000000,-284.259293,0.013159
0_0001010_0_1000010,528.000000,534.222494,0.011648
0_0001001_1_1010110,-344.000000,-345.287114,0.003728
0_0000111_0_1011010,90.000000,91.065882,0.011705
0_0001000_1_1101010,-212.000000,-211.301856,0.003304
0_0001001_0_1101101,436.000000,438.404111,0.005484
0_0001010_1_1010001,-648.000000,-651.591965,0.005513
0_0001010_1_1010101,-680.000000,-686.275560,0.009144
0_0001001_1_1000010,-264.000000,-262.971733,0.003910
0_0001010_1_1010001,-648.000000,-648.792156,0.001221
0_0000110_1_1011011,-45.500000,-45.926882,0.009295
0_0001001_0_1100100,400.000000,404.615374,0.011407
0_0001001_0_1111011,492.000000,494.921441,0.005903
0_0001001_1_1010111,-348.000000,-350.194880,0.006268
0_0001000_0_1111010,244.000000,249.537478,0.022191
0_0000100_1_1000000,-8.000000,-5.804039,0.378351
0_0000101_0_1010000,20.000000,20.195552,0.009683
0_0001000_1_1010111,-174.000000,-175.571928,0.008953
0_0001001_1_1100101,-404.000000,-404.392720,0.000971
0_0001001_1_1001001,-292.000000,-292.361959,0.001238
0_0001010_1_1000101,-552.000000,-553.025255,0.001854
0_0001000_1_1001110,-156.000000,-154.584984,0.009154
0_0001001_1_1101001,-420.000000,-420.372084,0.000885
0_0001001_0_1110110,472.000000,479.145330,0.014913
0_0001010_1_1010100,-672.000000,-676.184516,0.006188
0_0001001_1_1101011,-428.000000,-426.542436,0.003417
0_0001001_0_1110001,452.000000,454.943819,0.006471
0_0001000_0_1001000,144.000000,145.951047,0.013368
0_0001010_0_1000110,560.000000,570.290930,0.018045
0_0000110_1_1111000,-60.000000,-62.403089,0.038509
0_0001001_0_1010100,336.000000,338.209062,0.006532
0_0001001_0_1010000,320.000000,323.154234,0.009761
0_0000111_0_1111000,120.000000,118.474291,0.012878
0_0000111_0_1101100,108.000000,110.046544,0.018597
0_0001001_1_1111110,-504.000000,-506.355334,0.004652
0_0001010_0_1010011,664.000000,667.850671,0.005766
0_0001000_0_1011010,180.000000,180.788952,0.004364
0_0000101_0_1000100,17.000000,16.393746,0.036981
0_0001000_1_1011110,-188.000000,-188.679176,0.003600
0_0001010_0_1001011,600.000000,603.945591,0.006533
0_0000111_1_1111110,-126.000000,-125.324986,0.005386
0_0000110_0_1010000,40.000000,40.673355,0.016555
0_0001010_1_1110010,-912.000000,-915.809914,0.004160
0_0001000_1_1111010,-244.000000,-242.854855,0.004715
0_0001000_0_1101010,212.000000,215.033112,0.014105
0_0001000_1_1000100,-136.000000,-136.290230,0.002130
0_0000110_0_1010100,42.000000,42.861887,0.020108
0_0001001_0_1000110,280.000000,285.043625,0.017694
0_0001010_1_1001010,-592.000000,-595.626247,0.006088
0_0000111_0_1101100,108.000000,111.517303,0.031540
0_0001000_1_1001010,-148.000000,-148.342369,0.002308
0_0001001_1_1101101,-436.000000,-434.366165,0.003761
0_0001010_0_1000110,560.000000,564.200144,0.007444
0_0001010_0_1100010,784.000000,789.541210,0.007018
0_0001000_0_1000100,136.000000,134.281067,0.012801
0_0001001_1_1110001,-452.000000,-453.879099,0.004140
0_0001000_0_1000100,136.000000,135.888158,0.000823
0_0001000_1_1011100,-184.000000,-184.172344,0.000936
0_0000111_1_1101100,-108.000000,-109.086694,0.009962
0_0001000_0_1100010,196.000000,195.569568,0.002201
0_0001010_0_1001100,608.000000,616.136452,0.013206
0_0001010_0_1011001,712.000000,715.224999,0.004509
0_0001010_1_1000000,-512.000000,-514.485900,0.004832
0_0001000_1_1010110,-172.000000,-170.249829,0.010280
0_0000110_0_1111000,60.000000,59.950556,0.000825
0_0001010_1_1101011,-856.000000,-863.639615,0.008846
0_0001001_0_1000110,280.000000,281.633571,0.005800
0_0001010_1_1011111,-760.000000,-764.551226,0.005953
0_0000100_1_1010000,-10.000000,-11.645991,0.141335
0_0001010_1_1000001,-520.000000,-520.553755,0.001064
0_0001001_1_1100001,-388.000000,-389.785317,0.004580
0_0001010_0_1110010,912.000000,916.820375,0.005258
0_0000110_0_1000000,32.000000,34.276605,0.066419
0_0001001_1_1001010,-296.000000,-299.681194,0.012284
0_0000101_1_1111000,-30.000000,-30.934905,0.030222
0_0000111_1_1001100,-76.000000,-73.894680,0.028491
0_0001010_1_1011101,-744.000000,-748.591220,0.006133
0_0000100_1_1000000,-8.000000,-10.261199,0.220364
0_0001001_1_1100000,-384.000000,-384.266255,0.000693
0_0001001_1_1111011,-492.000000,-492.747654,0.001517
0_0001010_1_1010111,-696.000000,-702.267431,0.008925
0_0000111_1_1010100,-84.000000,-84.951852,0.011205
0_0001001_0_1000001,260.000000,263.434062,0.013036
0_0001000_0_1001000,144.000000,145.295545,0.008917
0_0001010_1_1110110,-944.000000,-946.798272,0.002956
0_0001001_1_1101011,-428.000000,-428.563959,0.001316
0_0000101_1_1000000,-16.000000,-17.903646,0.106327
0_0001000_0_1111110,252.000000,253.631028,0.006431
0_0001010_0_1001000,576.000000,578.763927,0.004776
0_0001010_1_1011111,-760.000000,-761.452574,0.001908
0_0000111_0_1000000,64.000000,63.845447,0.002421
0_0001001_1_1101101,-436.000000,-437.707744,0.003902
0_0001001_0_1101001,420.000000,424.096043,0.009658
0_0001010_0_1010000,640.000000,643.826731,0.005944
0_0000111_0_1100000,96.000000,97.713210,0.017533
0_0001001_0_1011100,368.000000,369.862943,0.005037
0_0001001_0_1000011,268.000000,269.832053,0.006790
0_0001010_0_1001111,632.000000,634.916742,0.004594
0_0001010_0_1000010,528.000000,533.013851,0.009407
0_0001010_1_1100100,-800.000000,-808.745691,0.010814
0_0001001_1_1100111,-412.000000,-409.946008,0.005010
0_0001001_1_1110001,-452.000000,-454.937922,0.006458
0_0000111_1_1101000,-104.000000,-105.439815,0.013655
0_0000110_0_1110000,56.000000,52.508942,0.066485
0_0000111_1_1010100,-84.000000,-85.750206,0.020411
0_0000111_0_1010100,84.000000,85.899007,0.022107
0_0000111_1_1001101,-77.000000,-77.719250,0.009254
0_0000110_1_1111100,-62.000000,-62.413120,0.006619
0_0000110_0_1011100,46.000000,47.681531,0.035266
0_0000110_1_1000000,-32.000000,-34.495866,0.072353
0_0001010_0_1000100,544.000000,546.912851,0.005326
0_0001001_0_1001100,304.000000,306.879125,0.009382
0_0000110_0_1001000,36.000000,34.534382,0.042439
0_0001010_0_1100010,784.000000,789.367966,0.006800
0_0001000_1_1100000,-192.000000,-190.917892,0.005668
0_0001001_1_1001100,-304.000000,-304.397067,0.001304
0_0001000_1_1010100,-168.000000,-169.355985,0.008007
0_0000111_0_1100000,96.000000,97.853248,0.018939
0_0001010_0_1010010,656.000000,660.208225,0.006374
0_0001000_0_1010100,168.000000,168.100395,0.000597
0_0000111_0_1100000,96.000000,97.155414,0.011892
0_0001010_1_1101000,-832.000000,-836.624984,0.005528
0_0001010_0_1011111,760.000000,765.396641,0.007051
0_0001000_0_1100000,192.000000,193.106707,0.005731
0_0001001_1_1011010,-360.000000,-363.451244,0.009496
0_0000111_1_1100000,-96.000000,-93.979320,0.021501
0_0001010_1_1010001,-648.000000,-650.898800,0.004454
0_0001001_1_1110010,-456.000000,-458.204773,0.004812
0_0001001_1_1000111,-284.000000,-283.289379,0.002508
0_0001010_1_1000000,-512.000000,-516.480998,0.008676
0_0001000_0_1111010,244.000000,246.389032,0.009696
0_0001001_1_1011101,-372.000000,-376.803029,0.012747
0_0001000_0_1100000,192.000000,193.783962,0.009206
0_0001000_1_1100010,-196.000000,-193.795253,0.011377
0_0001001_1_1110110,-472.000000,-473.809219,0.003818
0_0001000_0_1000100,136.000000,137.316910,0.009590
0_0001010_0_1001011,600.000000,604.017238,0.006651
0_0001001_0_1011100,368.000000,374.126277,0.016375
0_0001010_1_1001011,-600.000000,-600.096294,0.000160
0_0001000_1_1011100,-184.000000,-183.517430,0.002630
0_0001001_1_1100011,-396.000000,-399.248981,0.008138
0_0001001_0_1111100,496.000000,502.118241,0.012185
0_0001010_0_1000110,560.000000,567.644684,0.013467
0_0001001_1_1011101,-372.000000,-376.801202,0.012742
0_0001001_1_1010010,-328.000000,-326.165742,0.005624
0_0001000_0_1111110,252.000000,253.739878,0.006857
0_0001010_1_1100111,-824.000000,-833.008005,0.010814
0_0001001_0_1010111,348.000000,352.364321,0.012386
0_0001010_0_1001110,624.000000,628.600260,0.007318
0_0001001_0_1010000,320.000000,324.767073,0.014678
0_0001001_0_1010001,324.000000,327.858804,0.011770
0_0000111_0_1101000,104.000000,106.323449,0.021853
0_0000110_1_1111000,-60.000000,-60.703563,0.011590
0_0000110_0_1011100,46.000000,46.198006,0.004286
0_0001010_1_1000111,-568.000000,-573.370478,0.009367
0_0001001_0_1000101,276.000000,281.655442,0.020079
0_0001010_0_1110101,936.000000,938.801639,0.002984
0_0000111_1_1000100,-68.000000,-69.495352,0.021517
0_0001010_0_1110101,936.000000,938.831002,0.003015
0_0001000_0_1001110,156.000000,157.244565,0.007915
0_0000110_0_1001000,36.000000,35.130012,0.024765
0_0001001_0_1010111,348.000000,351.333084,0.009487
0_0001001_1_1010100,-336.000000,-338.128482,0.006295
0_0001000_0_1011010,180.000000,181.384318,0.007632
0_0001001_0_1101110,440.000000,446.999197,0.015658
0_0001001_0_1110101,468.000000,471.984145,0.008441
0_0001001_0_1010001,324.000000,326.125560,0.006518
0_0001001_1_1010000,-320.000000,-319.520835,0.001500
0_0001001_1_1110100,-464.000000,-465.869536,0.004013
0_0001001_0_1010001,324.000000,324.942353,0.002900
0_0001000_1_1001000,-144.000000,-143.119720,0.006151
0_0001001_0_1010000,320.000000,322.693243,0.008346
0_0001001_1_1100100,-400.000000,-402.021802,0.005029
0_0000110_0_1000000,32.000000,34.945122,0.084278
0_0001000_1_1000000,-128.000000,-128.191973,0.001498
0_0001010_0_1101000,832.000000,841.438088,0.011217
0_0001000_1_1000111,-142.000000,-142.548923,0.003851
0_0001001_1_1001110,-312.000000,-314.810062,0.008926
0_0001000_1_1000001,-130.000000,-130.173421,0.001332
0_0001010_1_1000001,-520.000000,-520.544742,0.001046
0_0000111_0_1011000,88.000000,87.665801,0.003812
0_0001001_1_1110111,-476.000000,-476.323592,0.000679
0_0001000_0_1001110,156.000000,155.522325,0.003071
0_0000111_0_1000001,65.000000,65.561853,0.008570
0_0001001_1_1010001,-324.000000,-325.422058,0.004370
0_0000011_0_1100000,6.000000,7.341503,0.182729
0_0001010_1_1011001,-712.000000,-721.178787,0.012727
0_0001010_1_1011001,-712.000000,-721.756537,0.013518
0_0000110_0_1010010,41.000000,41.516570,0.012442
0_0001001_1_1011100,-368.000000,-369.763700,0.004770
0_0001000_1_1000101,-138.000000,-137.911812,0.000639
0_0001000_0_1101001,210.000000,211.857781,0.008769
0_0001010_1_1110011,-920.000000,-924.263246,0.004613
0_0001001_1_1101110,-440.000000,-443.983014,0.008971
0_0000110_0_1100000,48.000000,47.581070,0.008805
0_0001001_0_1011110,376.000000,377.220251,0.003235
0_0001010_0_1100111,824.000000,831.207264,0.008671
0_0001000_1_1011100,-184.000000,-185.326728,0.007159
0_0001001_0_1010000,320.000000,320.118080,0.000369
0_0001000_0_1111010,244.000000,249.283539,0.021195
0_0000111_0_1101000,104.000000,108.061085,0.037581
0_0000110_0_1100100,50.000000,50.184386,0.003674
0_0001000_0_1110000,224.000000,225.047762,0.004656
0_0001001_1_1101100,-432.000000,-433.664200,0.003838
0_0001000_0_1110101,234.000000,235.821103,0.007722
0_0001010_1_1000001,-520.000000,-523.952744,0.007544
0_0001010_1_1001101,-616.000000,-622.994645,0.011227
0_0000110_0_1010000,40.000000,40.480317,0.011865
0_0001001_0_1101001,420.000000,424.141660,0.009765
0_0001001_0_1011011,364.000000,366.552791,0.006964
0_0001010_0_1100101,808.000000,812.292238,0.005284
0_0000111_0_1110110,118.000000,119.846927,0.015411
0_0001001_0_1100111,412.000000,418.204716,0.014837
0_0001010_1_1010011,-664.000000,-665.400225,0.002104
0_0001010_0_1000110,560.000000,565.959556,0.010530
0_0000110_0_1110000,56.000000,54.646549,0.024767
0_0001000_0_1001010,148.000000,148.922608,0.006195
0_0001000_0_1100110,204.000000,208.340482,0.020834
0_0001001_1_1011111,-380.000000,-378.934975,0.002811
0_0001000_0_1111010,244.000000,245.327144,0.005410
0_0000110_1_1001000,-36.000000,-34.945767,0.030168
0_0001000_1_1011110,-188.000000,-189.068986,0.005654
0_0000100_0_1010000,10.000000,9.629553,0.038470
0_0001001_1_1100111,-412.000000,-414.408527,0.005812
0_0001000_0_1011000,176.000000,177.476679,0.008320
0_0001010_0_1010111,696.000000,700.506676,0.006433
0_0001010_1_1100100,-800.000000,-807.042403,0.008726
0_0001010_1_1010100,-672.000000,-677.557673,0.008203
0_0000110_1_1100000,-48.000000,-50.169043,0.043235
0_0001000_0_1000100,136.000000,137.707533,0.012400
0_0001001_1_1101111,-444.000000,-446.144015,0.004806
0_0000110_0_1000010,33.000000,33.497630,0.014856
0_0001000_0_1001010,148.000000,149.325536,0.008877
0_0000111_0_1110100,116.000000,116.873951,0.007478
0_0001000_1_1000110,-140.000000,-139.795026,0.001466
0_0001010_0_1011111,760.000000,767.306137,0.009522
0_0001001_1_1111001,-484.000000,-486.343132,0.004818
0_0001010_1_1000001,-520.000000,-521.696068,0.003251
0_0001001_1_1100101,-404.000000,-401.992582,0.004994
0_0001001_0_1011000,352.000000,357.248576,0.014692
0_0001010_1_1010110,-688.000000,-691.266549,0.004725
0_0001000_0_1001101,154.000000,154.667538,0.004316
0_0001000_1_1100010,-196.000000,-195.651093,0.001783
0_0001001_1_1010011,-332.000000,-332.696220,0.002093
0_0000100_1_1100000,-12.000000,-11.374757,0.054968
0_0000110_0_1111000,60.000000,60.188516,0.003132
0_0001010_1_1001111,-632.000000,-633.595462,0.002518
0_0000110_0_1010000,40.000000,42.147370,0.050949
0_0001001_0_1011000,352.000000,358.440100,0.017967
0_0001010_0_1000101,552.000000,554.622427,0.004728
0_0000101_0_1110000,28.000000,25.372866,0.103541
0_0001010_0_1000011,536.000000,539.776031,0.006996
0_0001001_1_1010010,-328.000000,-325.605481,0.007354
0_0000111_1_1000000,-64.000000,-66.216433,0.033473
0_0001000_0_1011110,188.000000,190.209285,0.011615
0_0000111_0_1100010,98.000000,99.542730,0.015498
0_0001000_1_1011011,-182.000000,-182.565443,0.003097
0_0001001_1_1111100,-496.000000,-494.193630,0.003655
0_0001000_0_1100011,198.000000,199.055478,0.005302
0_0000111_1_1011001,-89.000000,-88.859591,0.001580
0_0001010_1_1100111,-824.000000,-828.989117,0.006018
0_0001010_1_1000010,-528.000000,-531.893288,0.007320
0_0001000_1_1001111,-158.000000,-159.762121,0.011030
0_0001001_0_1100000,384.000000,387.138137,0.008106
0_0001000_0_1100100,200.000000,202.975170,0.014658
0_0001010_0_1011010,720.000000,726.945849,0.009555
0_0001001_1_1011100,-368.000000,-368.587952,0.001595
0_0001001_0_1010000,320.000000,323.409100,0.010541
0_0001010_0_1100011,792.000000,798.271484,0.007856
0_0001000_1_1001110,-156.000000,-156.063388,0.000406
0_0001000_0_1000100,136.000000,135.289829,0.005249
0_0001001_0_1101100,432.000000,434.709361,0.006233
0_0001000_1_1011010,-180.000000,-181.777575,0.009779
0_0001000_0_1011110,188.000000,189.754215,0.009245
0_0001001_0_1011110,376.000000,383.076088,0.018472
0_0001000_0_1001100,152.000000,150.502325,0.009951
0_0001010_0_1101100,864.000000,870.877939,0.007898
0_0001000_1_1010100,-168.000000,-171.491142,0.020358
0_0000110_0_1110000,56.000000,57.557750,0.027064
0_0001000_1_1000001,-130.000000,-129.272258,0.005630
0_0000110_1_1001000,-36.000000,-36.044941,0.001247
0_0001000_0_1100101,202.000000,204.568021,0.012553
0_0001001_1_1001000,-288.000000,-290.878862,0.009897
0_0001010_0_1000001,520.000000,528.797806,0.016637
0_0001010_1_1000010,-528.000000,-535.467781,0.013946
0_0001010_1_1011111,-760.000000,-766.194298,0.008084
0_0001000_1_1100001,-194.000000,-193.738864,0.001348
0_0001000_0_1010010,164.000000,165.970935,0.011875
0_0001001_0_1010011,332.000000,335.273108,0.009763
0_0001001_1_1000111,-284.000000,-284.836202,0.002936
0_0001010_0_1011101,744.000000,754.941814,0.014494
0_0000111_1_1100101,-101.000000,-102.078248,0.010563
0_0000011_1_1100000,-6.000000,-5.726634,0.047736
0_0000101_1_1001000,-18.000000,-17.364694,0.036586
0_0001000_0_1101110,220.000000,223.283928,0.014707
0_0001000_1_1010110,-172.000000,-172.654600,0.003791
0_0001000_0_1010010,164.000000,166.486510,0.014935
0_0000110_0_1000000,32.000000,32.242115,0.007509
0_0001010_0_1000110,560.000000,562.339526,0.004160
0_0000111_1_1001010,-74.000000,-73.869876,0.001762
0_0000111_1_1010000,-80.000000,-82.964020,0.035727
0_0001001_0_1010111,348.000000,348.659340,0.001891
0_0001010_0_1000001,520.000000,523.866441,0.007381
0_0000110_1_1010000,-40.000000,-42.820234,0.065862
0_0000110_0_1010000,40.000000,37.561012,0.064934
0_0001010_1_1001000,-576.000000,-575.371932,0.001092
0_0001001_0_1000001,260.000000,263.163229,0.012020
0_0001001_0_1101000,416.000000,420.413166,0.010497
0_0001010_1_1010001,-648.000000,-656.086680,0.012326
0_0001000_0_1011110,188.000000,188.495335,0.002628
0_0001000_1_1001110,-156.000000,-152.555913,0.022576
0_0000110_1_1111000,-60.000000,-56.921126,0.054090
0_0000111_1_1001100,-76.000000,-75.565799,0.005746
0_0001001_0_1110000,448.000000,451.873833,0.008573
0_0001001_1_1010001,-324.000000,-325.408889,0.004330
0_0000110_1_1100100,-50.000000,-51.075663,0.021060
0_0001010_1_1000000,-512.000000,-512.519490,0.001014
0_0001001_1_1110101,-468.000000,-466.548527,0.003111
0_0000110_1_1011000,-44.000000,-41.540533,0.059206
0_0001001_0_1001100,304.000000,304.805267,0.002642
0_0001001_1_1111000,-480.000000,-481.540776,0.003200
0_0001001_0_1111001,484.000000,487.906398,0.008006
0_0001010_1_1000110,-560.000000,-563.842447,0.006815
0_0001001_0_1000011,268.000000,270.331572,0.008625
0_0000101_0_1111000,30.000000,31.335691,0.042625
0_0000111_1_1100000,-96.000000,-95.852570,0.001538
0_0001000_1_1001101,-154.000000,-153.867509,0.000861
0_0001001_0_1110001,452.000000,454.058486,0.004534
0_0000101_1_1011110,-23.500000,-23.614074,0.004831
0_0001001_1_1100010,-392.000000,-395.225552,0.008161
0_0001000_1_1010110,-172.000000,-172.350297,0.002032
0_0001010_1_1000001,-520.000000,-526.759276,0.012832
0_0001001_0_1001011,300.000000,306.802996,0.022174
0_0001010_0_1000110,560.000000,566.217233,0.010980
0_0001000_1_1111001,-242.000000,-243.957535,0.008024
0_0001001_0_1000000,256.000000,259.168866,0.012227
0_0000111_0_1110110,118.000000,119.133306,0.009513
0_0001010_0_1110110,944.000000,948.295672,0.004530
0_0001010_1_1011101,-744.000000,-748.254147,0.005685
0_0001010_1_1011001,-712.000000,-710.940203,0.001491
0_0001000_1_1101010,-212.000000,-209.783934,0.010564
0_0001001_1_1011101,-372.000000,-374.812159,0.007503
0_0001010_0_1001011,600.000000,605.600020,0.009247
0_0001010_0_1100110,816.000000,823.208186,0.008756
0_0001010_1_1001000,-576.000000,-581.351423,0.009205
0_0001010_1_1001001,-584.000000,-584.240701,0.000412
0_0001001_0_1111010,488.000000,492.304310,0.008743
0_0001001_1_1000100,-272.000000,-274.002960,0.007310
0_0001001_0_1101111,444.000000,447.910511,0.008731
0_0001000_1_1110000,-224.000000,-224.731522,0.003255
0_0001010_0_1011010,720.000000,729.296646,0.012747
0_0000110_0_1001000,36.000000,36.456494,0.012522
0_0001001_0_1110110,472.000000,474.199934,0.004639
0_0001010_1_1000011,-536.000000,-540.442370,0.008220
0_0001001_1_1101011,-428.000000,-428.934556,0.002179
0_0001001_1_1110010,-456.000000,-456.407795,0.000893
0_0001001_0_1111111,508.000000,514.030092,0.011731
0_0001010_1_1010001,-648.000000,-655.512904,0.011461
0_0001010_1_1010000,-640.000000,-642.604828,0.004054
0_0001001_0_1001011,300.000000,305.358194,0.017547
0_0001001_0_1110010,456.000000,459.963284,0.008617
0_0001001_1_1010100,-336.000000,-337.657362,0.004908
0_0000111_1_1110100,-116.000000,-115.972628,0.000236
0_0000110_1_1110000,-56.000000,-54.799549,0.021906
0_0001001_0_1010100,336.000000,336.321691,0.000956
0_0001001_1_1000101,-276.000000,-278.687220,0.009642
0_0001000_0_1001000,144.000000,142.951385,0.007335
0_0001010_0_1100000,768.000000,772.270925,0.005530
0_0000110_0_1000000,32.000000,32.000937,0.000029
0_0001001_1_1001011,-300.000000,-296.879121,0.010512
0_0001010_1_1100111,-824.000000,-827.844679,0.004644
0_0001000_1_1000101,-138.000000,-139.699067,0.012162
0_0000111_1_1010100,-84.000000,-85.913800,0.022276
0_0001010_0_1010001,648.000000,651.638816,0.005584
0_0001010_1_1010011,-664.000000,-666.516235,0.003775
0_0001001_0_1000010,264.000000,266.012331,0.007565
0_0001010_1_1001101,-616.000000,-618.269123,0.003670
0_0001000_0_1001010,148.000000,150.215718,0.014750
0_0001001_0_1000001,260.000000,262.016507,0.007696
0_0001010_1_1000100,-544.000000,-546.691190,0.004923
0_0001000_0_1010100,168.000000,171.354518,0.019576
0_0001000_0_1011000,176.000000,175.196342,0.004587
0_0001001_0_1000010,264.000000,268.228861,0.015766
0_0000101_1_1110000,-28.000000,-25.230738,0.109757
0_0001010_0_1011101,744.000000,749.213538,0.006959
0_0001001_0_1100000,384.000000,386.500694,0.006470
0_0001010_0_1101000,832.000000,840.904837,0.010590
0_0001001_0_1011111,380.000000,383.817765,0.009947
0_0000111_1_1010100,-84.000000,-81.631168,0.029019
0_0001001_0_1011001,356.000000,357.972284,0.005510
0_0001010_0_1010101,680.000000,688.347691,0.012127
0_0001000_0_1011010,180.000000,178.089368,0.010729
0_0001001_0_1011100,368.000000,367.936894,0.000172
0_0001001_1_1100111,-412.000000,-413.739618,0.004205
0_0001001_1_1000111,-284.000000,-286.518817,0.008791
0_0001001_1_1011100,-368.000000,-371.835857,0.010316
0_0000111_0_1101001,105.000000,106.362769,0.012812
0_0000111_0_1111010,122.000000,123.476955,0.011961
0_0001001_1_1011100,-368.000000,-369.758750,0.004756
0_0001010_0_1001111,632.000000,642.748052,0.016722
0_0000111_1_1111010,-122.000000,-121.645902,0.002911
0_0001001_0_1011100,368.000000,370.222837,0.006004
0_0001010_0_1100100,800.000000,807.560729,0.009362
0_0001001_1_1011100,-368.000000,-368.855616,0.002320
0_0001001_0_1000111,284.000000,287.781210,0.013139
0_0001001_1_1110110,-472.000000,-474.985950,0.006286
0_0001000_0_1011001,178.000000,179.774009,0.009868
0_0000111_0_1101100,108.000000,108.594675,0.005476
0_0000111_0_1101100,108.000000,109.082947,0.009928
0_0001001_0_1100010,392.000000,396.319235,0.010898
0_0000111_1_1010010,-82.000000,-82.055386,0.000675
0_0001010_0_1101001,840.000000,850.271650,0.012080
0_0000100_0_1100000,12.000000,11.927018,0.006119
0_0001000_1_1000101,-138.000000,-136.375651,0.011911
0_0001000_0_1010100,168.000000,173.511130,0.031762
0_0000110_0_1101000,52.000000,52.474418,0.009041
0_0001000_0_1011101,186.000000,188.228423,0.011839
0_0001000_1_1000010,-132.000000,-131.346978,0.004972
0_0000111_0_1010000,80.000000,83.400470,0.040773
0_0001001_0_1010000,320.000000,324.751497,0.014631
0_0000100_0_1100000,12.000000,15.376206,0.219573
0_0001001_1_1011101,-372.000000,-375.363932,0.008962
0_0001010_1_1001010,-592.000000,-593.609397,0.002711
0_0000111_1_1100000,-96.000000,-97.756904,0.017972
0_0001001_1_1001001,-292.000000,-292.726511,0.002482
0_0001010_0_1011111,760.000000,765.408032,0.007066
0_0001001_1_1111010,-488.000000,-488.118601,0.000243
0_0000110_0_1100100,50.000000,49.775762,0.004505
0_0001010_0_1010001,648.000000,655.242903,0.011054
0_0001000_0_1100100,200.000000,203.919823,0.019222
0_0001010_0_1110100,928.000000,936.479585,0.009055
0_0000111_0_1001000,72.000000,75.241015,0.043075
0_0001010_1_1000011,-536.000000,-543.165299,0.013192
0_0001010_0_1001010,592.000000,598.081497,0.010168
0_0001001_1_1001010,-296.000000,-299.031133,0.010137
0_0001001_1_1001111,-316.000000,-315.617068,0.001213
0_0001001_1_1001111,-316.000000,-316.854859,0.002698
0_0000101_0_1000000,16.000000,16.289974,0.017801
0_0001010_0_1010100,672.000000,673.641156,0.002436
0_0001000_1_1101010,-212.000000,-212.342796,0.001614
0_0001010_1_1000100,-544.000000,-548.775856,0.008703
0_0001001_1_1100011,-396.000000,-396.388779,0.000981
0_0001000_1_1100110,-204.000000,-202.127801,0.009262
0_0000111_1_1001100,-76.000000,-72.781213,0.044226
0_0001010_0_1000000,512.000000,521.418940,0.018064
0_0000111_1_1010000,-80.000000,-78.909355,0.013821
0_0001001_1_1101101,-436.000000,-434.399180,0.003685
0_0001010_1_1000101,-552.000000,-554.579072,0.004651
0_0000110_1_1111000,-60.000000,-57.768233,0.038633
0_0001001_0_1100100,400.000000,401.809588,0.004504
0_0001001_1_1101100,-432.000000,-433.613125,0.003720
0_0001010_1_1010010,-656.000000,-660.101125,0.006213
0_0001010_1_1000111,-568.000000,-571.164275,0.005540
0_0000111_0_1000000,64.000000,63.455837,0.008575
0_0000111_0_1110100,116.000000,118.028689,0.017188
0_0000101_0_1000100,17.000000,17.553247,0.031518
0_0001010_1_1011010,-720.000000,-721.583338,0.002194
0_0001010_0_1100111,824.000000,831.414725,0.008918
0_0000101_0_1010000,20.000000,19.358267,0.033150
0_0001000_1_1011100,-184.000000,-183.911879,0.000479
0_0001010_0_1000010,528.000000,529.816176,0.003428
0_0001010_1_1000010,-528.000000,-530.671690,0.005035
0_0001000_1_1100101,-202.000000,-201.817537,0.000904
0_0000100_0_1100000,12.000000,11.663633,0.028839
0_0000111_1_1000100,-68.000000,-68.605154,0.008821
0_0001000_1_1011001,-178.000000,-178.653557,0.003658
0_0000101_0_1110000,28.000000,25.270402,0.108016
0_0001001_1_1100011,-396.000000,-399.230030,0.008091
0_0000011_0_1000000,4.000000,2.810591,0.423188
0_0001001_1_1001111,-316.000000,-314.915632,0.003443
0_0001000_0_1111010,244.000000,246.013647,0.008185
0_0001001_0_1100010,392.000000,397.717964,0.014377
0_0001001_0_1111110,504.000000,506.334436,0.004610
0_0001000_0_1110010,228.000000,231.152979,0.013640
0_0001001_1_1110100,-464.000000,-466.764982,0.005924
0_0000101_0_1001100,19.000000,18.617546,0.020543
0_0000101_0_1100000,24.000000,24.693490,0.028084
0_0001001_0_1101101,436.000000,438.290966,0.005227
0_0001010_1_1010001,-648.000000,-652.087539,0.006268
0_0001000_0_1000000,128.000000,133.306193,0.039805
0_0001001_0_1000010,264.000000,263.068374,0.003541
0_0001010_1_1010100,-672.000000,-681.143782,0.013424
0_0000111_1_1100100,-100.000000,-99.838899,0.001614
0_0000111_0_1000100,68.000000,65.884168,0.032114
0_0001010_1_1001010,-592.000000,-597.648033,0.009450
0_0001000_0_1101000,208.000000,210.324480,0.011052
0_0001001_1_1111010,-488.000000,-491.260489,0.006637
0_0001001_0_1100111,412.000000,416.743013,0.011381
0_0001000_0_1100110,204.000000,206.308465,0.011189
0_0001001_0_1100000,384.000000,389.554722,0.014259
0_0001010_0_1011000,704.000000,715.550756,0.016142
0_0001000_0_1001101,154.000000,155.710070,0.010982
0_0001000_0_1001100,152.000000,153.465844,0.009552
0_0001000_1_1110110,-236.000000,-233.462844,0.010867
0_0001001_1_1111101,-500.000000,-502.577985,0.005130
0_0000110_1_1000000,-32.000000,-33.147513,0.034618
0_0001000_1_1110010,-228.000000,-228.615459,0.002692
0_0001010_1_1011101,-744.000000,-747.223512,0.004314
0_0001001_0_1111100,496.000000,499.568583,0.007143
0_0001001_1_1000111,-284.000000,-286.086739,0.007294
0_0001000_1_1000100,-136.000000,-135.751265,0.001832
0_0001010_1_1000110,-560.000000,-559.356836,0.001150
0_0001000_0_1110100,232.000000,232.008883,0.000038
0_0001000_1_1110000,-224.000000,-224.045268,0.000202
0_0000101_1_1111000,-30.000000,-30.562807,0.018415
0_0001010_0_1100000,768.000000,775.382933,0.009522
0_0000100_1_1100000,-12.000000,-12.195755,0.016051
0_0000111_0_1001100,76.000000,76.719945,0.009384
0_0001001_0_1011111,380.000000,385.700382,0.014779
0_0001001_0_1101011,428.000000,432.299247,0.009945
0_0000111_1_1001000,-72.000000,-73.916269,0.025925
0_0001000_0_1001100,152.000000,153.057942,0.006912
0_0000101_0_1001000,18.000000,18.130964,0.007223
0_0001001_1_1111011,-492.000000,-494.935547,0.005931
0_0001010_0_1000111,568.000000,570.607067,0.004569
0_0001010_0_1001000,576.000000,578.165733,0.003746
0_0001000_0_1011001,178.000000,179.864538,0.010366
0_0000111_0_1101010,106.000000,107.921095,0.017801
0_0000111_0_1011100,92.000000,91.732095,0.002921
0_0001001_1_1010110,-344.000000,-346.438116,0.007038
0_0001001_1_1011100,-368.000000,-372.460848,0.011977
0_0001010_0_1101010,848.000000,853.275619,0.006183
0_0001001_1_1111011,-492.000000,-495.954714,0.007974
0_0001000_1_1100010,-196.000000,-197.485162,0.007520
0_0001000_1_1100000,-192.000000,-190.393040,0.008440
0_0000111_0_1101000,104.000000,104.739917,0.007064
0_0001001_1_1010001,-324.000000,-322.245640,0.005444
0_0001000_0_1110101,234.000000,236.342157,0.009910
0_0001001_0_1001001,292.000000,293.822147,0.006202
0_0000111_1_1011000,-88.000000,-85.959773,0.023735
0_0001000_0_1110000,224.000000,225.824113,0.008078
0_0001001_0_1001001,292.000000,293.486665,0.005066
0_0001001_1_1011001,-356.000000,-356.508567,0.001427
0_0001000_0_1101111,222.000000,223.975113,0.008818
0_0001001_1_1000100,-272.000000,-272.907046,0.003324
0_0001001_1_1001110,-312.000000,-311.486441,0.001649
0_0001010_1_1110011,-920.000000,-927.617926,0.008212
0_0001010_1_1000100,-544.000000,-543.846868,0.000282
0_0001000_1_1111100,-248.000000,-248.138189,0.000557
0_0001001_1_1001000,-288.000000,-288.822929,0.002849
0_0001001_0_1111100,496.000000,498.325781,0.004667
0_0001010_0_1001110,624.000000,630.810192,0.010796
0_0001010_1_1011010,-720.000000,-721.636466,0.002268
0_0001000_1_1011111,-190.000000,-190.742394,0.003892
0_0001000_1_1101100,-216.000000,-217.988050,0.009120
0_0001001_0_1000010,264.000000,264.542049,0.002049
0_0001000_1_1001100,-152.000000,-151.333858,0.004402
0_0001001_0_1001101,308.000000,309.313839,0.004248
0_0000110_0_1100000,48.000000,47.329161,0.014174
0_0000100_0_1100000,12.000000,13.506500,0.111539
0_0001010_0_1000011,536.000000,545.595099,0.017586
0_0001001_0_1001101,308.000000,309.084349,0.003508
0_0000101_0_1110000,28.000000,27.465075,0.019477
0_0000111_0_1111100,124.000000,129.249124,0.040612
0_0000110_0_1101111,55.500000,55.913936,0.007403
0_0001000_1_1101000,-208.000000,-207.005240,0.004805
0_0001010_0_1110110,944.000000,947.272423,0.003455
0_0001010_1_1100110,-816.000000,-824.065335,0.009787
0_0001010_1_1011001,-712.000000,-714.180508,0.003053
0_0001000_0_1011000,176.000000,178.841125,0.015886
0_0000111_1_1100011,-99.000000,-99.246101,0.002480
0_0001000_0_1110000,224.000000,226.751798,0.012136
0_0000111_0_1001000,72.000000,72.318113,0.004399
0_0001010_0_1010101,680.000000,685.236138,0.007641
0_0001010_0_1011000,704.000000,706.646727,0.003745
0_0001001_1_1110111,-476.000000,-477.190877,0.002496
0_0001001_0_1011100,368.000000,375.710343,0.020522
0_0001001_1_1010101,-340.000000,-343.564538,0.010375
0_0001001_1_1101001,-420.000000,-421.504137,0.003568
0_0000111_0_1100000,96.000000,95.608590,0.004094
0_0000111_1_1001000,-72.000000,-70.499802,0.021279
0_0000100_0_1000000,8.000000,6.889406,0.161203
0_0001010_1_1011100,-736.000000,-740.780651,0.006454
0_0001001_1_1010101,-340.000000,-341.082211,0.003173
0_0001000_0_1001100,152.000000,155.295160,0.021219
0_0001001_0_1000100,272.000000,275.996690,0.014481
0_0001010_0_1110011,920.000000,926.353697,0.006859
0_0001001_0_1000100,272.000000,277.608839,0.020204
0_0001001_1_1100011,-396.000000,-399.174025,0.007951
0_0001001_0_1011000,352.000000,352.942555,0.002671
0_0000101_0_1000000,16.000000,15.049032,0.063191
0_0001010_1_1000110,-560.000000,-563.900709,0.006917
