1_0000101_0_1100100,0.024414,0.024616,0.008206
1_0000000_0_1110100,0.906250,0.908452,0.002424
0_0000010_0_1010000,2.500000,2.502867,0.001145
0_0000001_0_1100000,1.500000,1.513029,0.008611
0_0000001_1_1001001,-1.140625,-1.140304,0.000281
1_0000001_1_1001111,-0.308594,-0.304899,0.012119
1_0000000_0_1001100,0.593750,0.610894,0.028063
0_0000001_1_1010011,-1.296875,-1.280108,0.013098
0_0000010_1_1100000,-3.000000,-2.978750,0.007134
0_0000001_1_1000001,-1.015625,-1.005437,0.010133
0_0000010_0_1000110,2.187500,2.267437,0.035254
1_0000000_1_1100010,-0.765625,-0.761100,0.005946
1_0000010_0_1111100,0.242188,0.247583,0.021791
1_0000001_0_1001100,0.296875,0.299782,0.009697
0_0000010_1_1111110,-3.937500,-3.921895,0.003979
1_0000000_0_1000000,0.500000,0.506382,0.012603
0_0000011_1_1000000,-4.000000,-3.970943,0.007317
0_0000001_1_1000011,-1.046875,-1.049958,0.002937
0_0000010_0_1100100,3.125000,3.155641,0.009710
0_0000010_0_1010010,2.562500,2.627966,0.024911
0_0000001_0_1010101,1.328125,1.333209,0.003814
1_0000000_1_1001110,-0.609375,-0.606881,0.004110
1_0000000_0_1100110,0.796875,0.806642,0.012108
0_0000010_0_1001010,2.312500,2.336128,0.010114
0_0000001_1_1000101,-1.078125,-1.074810,0.003084
0_0000001_1_1100110,-1.593750,-1.594680,0.000583
0_0000100_0_1101011,13.375000,13.271079,0.007831
0_0000001_0_1001101,1.203125,1.206877,0.003108
0_0000001_0_1001000,1.125000,1.144428,0.016976
0_0000100_1_1001010,-9.250000,-9.203206,0.005085
1_0000000_1_1101110,-0.859375,-0.842547,0.019972
1_0000111_0_1011100,0.005615,0.005667,0.009160
0_0000100_0_1000110,8.750000,8.786943,0.004204
0_0000001_1_1100111,-1.609375,-1.598282,0.006940
1_0000001_1_1001100,-0.296875,-0.297682,0.002712
0_0000001_1_1000100,-1.062500,-1.055399,0.006728
1_0000001_0_1010110,0.335938,0.334677,0.003767
1_0000001_1_1111000,-0.468750,-0.470206,0.003097
0_0000001_0_1011000,1.375000,1.409739,0.024642
1_0000000_1_1001011,-0.585938,-0.577116,0.015285
1_0000001_1_1001110,-0.304688,-0.304314,0.001228
0_0000001_1_1011000,-1.375000,-1.362082,0.009484
0_0000001_0_1010011,1.296875,1.309065,0.009312
1_0000001_1_1000010,-0.257812,-0.254618,0.012544
1_0000000_1_1001011,-0.585938,-0.586909,0.001654
1_0000001_0_1110010,0.445312,0.454823,0.020911
1_0000000_1_1101000,-0.812500,-0.795188,0.021771
1_0000011_0_1101010,0.103516,0.103706,0.001837
1_0000000_0_1101111,0.867188,0.876979,0.011165
1_0000000_1_1001000,-0.562500,-0.560148,0.004199
0_0000010_0_1001101,2.406250,2.401826,0.001842
1_0000000_0_1001101,0.601562,0.604742,0.005257
0_0000010_0_1010110,2.687500,2.685855,0.000613
1_0000000_1_1100110,-0.796875,-0.789693,0.009094
0_0000001_1_1101100,-1.687500,-1.680489,0.004172
1_0000001_1_1111101,-0.488281,-0.484414,0.007983
1_0000000_1_1111000,-0.937500,-0.936952,0.000585
1_0000001_1_1101010,-0.414062,-0.408360,0.013965
0_0000010_0_1001010,2.312500,2.307157,0.002316
0_0000001_1_1110011,-1.796875,-1.781078,0.008869
1_0000000_1_1010110,-0.671875,-0.670438,0.002144
0_0000001_1_1100001,-1.515625,-1.506933,0.005768
0_0000001_0_1000000,1.000000,1.009262,0.009177
0_0000001_1_1001101,-1.203125,-1.205190,0.001713
0_0000001_0_1000001,1.015625,1.024767,0.008921
0_0000111_1_1101110,-110.000000,-109.448753,0.005037
1_0000010_0_1111000,0.234375,0.236584,0.009339
1_0000001_0_1110100,0.453125,0.458028,0.010704
0_0000001_0_1110000,1.750000,1.761809,0.006703
1_0000001_0_1100011,0.386719,0.388488,0.004555
1_0000000_0_1110110,0.921875,0.941884,0.021244
1_0000001_1_1110100,-0.453125,-0.447595,0.012356
0_0000001_0_1100010,1.531250,1.527424,0.002505
0_0000010_0_1011001,2.781250,2.794908,0.004887
0_0000001_1_1001010,-1.156250,-1.145093,0.009744
0_0000010_0_1001010,2.312500,2.346947,0.014677
0_0000010_0_1100000,3.000000,2.976471,0.007905
1_0000000_1_1010110,-0.671875,-0.664559,0.011009
0_0000010_1_1100100,-3.125000,-3.126307,0.000418
1_0000000_1_1010000,-0.625000,-0.617135,0.012744
0_0000110_1_1001011,-37.500000,-37.546898,0.001249
1_0000001_1_1010100,-0.328125,-0.330342,0.006713
1_0000001_0_1110110,0.460938,0.464533,0.007741
0_0000001_0_1001001,1.140625,1.143087,0.002154
0_0000101_0_1101000,26.000000,26.254627,0.009698
1_0000001_0_1101100,0.421875,0.423554,0.003964
0_0000011_1_1001110,-4.875000,-4.820397,0.011328
1_0000000_0_1010110,0.671875,0.667929,0.005908
0_0000010_0_1010011,2.593750,2.618087,0.009296
0_0000001_0_1000011,1.046875,1.054634,0.007357
1_0001000_0_1110110,0.003601,0.003587,0.003878
0_0000010_0_1110011,3.593750,3.577574,0.004521
0_0000001_1_1011101,-1.453125,-1.440107,0.009040
1_0000101_1_1001100,-0.018555,-0.018534,0.001143
0_0000001_0_1000011,1.046875,1.048521,0.001570
1_0000001_0_1111000,0.468750,0.470564,0.003854
1_0000000_0_1010011,0.648438,0.654023,0.008540
0_0000001_0_1100010,1.531250,1.542909,0.007557
0_0000010_1_1100110,-3.187500,-3.208219,0.006458
1_0000011_1_1100100,-0.097656,-0.095644,0.021034
0_0000001_0_1000001,1.015625,1.017419,0.001764
0_0000011_0_1000111,4.437500,4.430300,0.001625
1_0000001_0_1010100,0.328125,0.334847,0.020074
1_0000000_0_1111000,0.937500,0.945619,0.008586
1_0000000_0_1010110,0.671875,0.676012,0.006120
1_0000000_1_1001110,-0.609375,-0.602828,0.010861
0_0000010_1_1110100,-3.625000,-3.601547,0.006512
1_0000000_1_1100010,-0.765625,-0.769034,0.004432
0_0000001_1_1010010,-1.281250,-1.260055,0.016821
0_0000001_0_1100001,1.515625,1.509322,0.004176
0_0000001_0_1011110,1.468750,1.467430,0.000900
0_0000001_0_1110010,1.781250,1.818911,0.020705
0_0000011_1_1111110,-7.875000,-7.879193,0.000532
0_0000010_1_1001101,-2.406250,-2.373834,0.013656
0_0000001_1_1000110,-1.093750,-1.068092,0.024022
0_0000001_0_1000111,1.109375,1.120410,0.009849
1_0000000_1_1000011,-0.523438,-0.519356,0.007859
1_0000011_0_1001000,0.070312,0.072042,0.024010
1_0000001_0_1101000,0.406250,0.412698,0.015625
0_0000010_0_1001110,2.437500,2.447702,0.004168
1_0000110_0_1100010,0.011963,0.011957,0.000524
1_0000001_1_1000000,-0.250000,-0.248732,0.005097
1_0000010_1_1000000,-0.125000,-0.123191,0.014685
1_0000001_0_1011110,0.367188,0.372732,0.014876
1_0000100_0_1000101,0.033691,0.033946,0.007500
0_0000001_0_1100100,1.562500,1.580525,0.011404
0_0000110_0_1001111,39.500000,39.444920,0.001396
0_0000001_1_1100111,-1.609375,-1.587234,0.013949
1_0000011_1_1101110,-0.107422,-0.106583,0.007869
0_0000001_0_1000111,1.109375,1.112207,0.002546
1_0000001_0_1101110,0.429688,0.436336,0.015238
0_0000010_0_1110110,3.687500,3.741117,0.014332
1_0000000_0_1110000,0.875000,0.872768,0.002558
0_0000011_0_1011000,5.500000,5.501909,0.000347
0_0000010_1_1011011,-2.843750,-2.828615,0.005351
1_0000000_0_1001100,0.593750,0.598640,0.008168
1_0000000_0_1100010,0.765625,0.764073,0.002031
0_0000010_0_1000000,2.000000,1.999024,0.000488
1_0000000_0_1100100,0.781250,0.789096,0.009944
1_0000000_1_1100100,-0.781250,-0.770004,0.014606
1_0000000_0_1111010,0.953125,0.963016,0.010271
0_0000100_1_1101110,-13.750000,-13.494143,0.018961
1_0000000_0_1010000,0.625000,0.645670,0.032013
0_0000001_0_1100101,1.578125,1.603214,0.015649
0_0000011_1_1010110,-5.375000,-5.263683,0.021148
1_0000001_0_1011000,0.343750,0.350913,0.020411
1_0000000_1_1001010,-0.578125,-0.577349,0.001344
0_0000010_1_1001111,-2.468750,-2.421374,0.019566
1_0000001_0_1100100,0.390625,0.393048,0.006164
1_0000000_0_1101100,0.843750,0.852946,0.010782
1_0000001_0_1011111,0.371094,0.373570,0.006629
1_0000011_1_1000000,-0.062500,-0.062244,0.004107
1_0000001_1_1101110,-0.429688,-0.424190,0.012960
1_0000000_1_1110110,-0.921875,-0.913251,0.009443
1_0000000_0_1101000,0.812500,0.819578,0.008636
0_0000001_0_1011100,1.437500,1.440711,0.002229
1_0000001_0_1000000,0.250000,0.248915,0.004361
0_0000010_1_1111100,-3.875000,-3.849466,0.006633
0_0000100_1_1001000,-9.000000,-8.924186,0.008495
1_0000010_1_1110011,-0.224609,-0.221545,0.013833
1_0000010_1_1001100,-0.148438,-0.148706,0.001807
0_0000001_1_1000001,-1.015625,-1.006304,0.009262
0_0000110_1_1011000,-44.000000,-43.240870,0.017556
1_0000001_1_1110000,-0.437500,-0.431370,0.014211
0_0000010_1_1000010,-2.062500,-2.027923,0.017050
1_0000011_0_1111110,0.123047,0.123967,0.007420
1_0000101_1_1111100,-0.030273,-0.030245,0.000942
1_0000000_0_1000110,0.546875,0.551134,0.007729
1_0000001_0_1110110,0.460938,0.462449,0.003268
0_0000001_0_1011010,1.406250,1.414370,0.005741
1_0000001_1_1110010,-0.445312,-0.439983,0.012113
0_0000001_0_1010110,1.343750,1.350549,0.005034
0_0000001_0_1001101,1.203125,1.215150,0.009896
1_0000010_1_1101000,-0.203125,-0.203345,0.001080
0_0000010_1_1000110,-2.187500,-2.178436,0.004161
0_0000011_0_1010101,5.312500,5.381485,0.012819
1_0000000_0_1000001,0.507812,0.513605,0.011278
0_0000010_1_1111110,-3.937500,-3.896390,0.010551
0_0000001_1_1101100,-1.687500,-1.671202,0.009753
0_0000010_1_1110000,-3.500000,-3.452267,0.013827
1_0000010_0_1101110,0.214844,0.213942,0.004217
1_0000001_0_1000111,0.277344,0.276648,0.002516
0_0000001_1_1001011,-1.171875,-1.161499,0.008933
0_0000001_0_1010011,1.296875,1.298698,0.001404
1_0000011_1_1100100,-0.097656,-0.095754,0.019865
1_0000001_0_1110000,0.437500,0.442927,0.012252
1_0000010_0_1111000,0.234375,0.235767,0.005904
1_0000000_1_1101111,-0.867188,-0.852521,0.017204
0_0000010_1_1001011,-2.343750,-2.335952,0.003338
1_0000010_1_1101100,-0.210938,-0.207277,0.017658
0_0000100_0_1011010,11.250000,11.474811,0.019592
0_0000001_0_1001010,1.156250,1.160591,0.003740
1_0000000_0_1111110,0.984375,0.987024,0.002684
0_0000001_0_1101010,1.656250,1.659811,0.002146
0_0000001_1_1000101,-1.078125,-1.087127,0.008280
1_0000011_0_1101010,0.103516,0.105053,0.014632
1_0000000_0_1111010,0.953125,0.970597,0.018001
1_0000001_0_1110010,0.445312,0.452673,0.016260
1_0000000_1_1000111,-0.554688,-0.549672,0.009125
1_0000000_1_1010010,-0.640625,-0.632274,0.013209
1_0000001_1_1001010,-0.289062,-0.282046,0.024879
1_0000000_0_1100000,0.750000,0.757223,0.009538
1_0000000_1_1010011,-0.648438,-0.641157,0.011355
0_0000001_1_1001001,-1.140625,-1.140380,0.000215
0_0000011_1_1000101,-4.312500,-4.325830,0.003082
1_0000000_1_1100000,-0.750000,-0.740552,0.012758
1_0000000_1_1000110,-0.546875,-0.542736,0.007626
0_0000010_1_1000000,-2.000000,-2.009338,0.004647
0_0000001_1_1010011,-1.296875,-1.277216,0.015392
0_0000001_1_1001010,-1.156250,-1.150772,0.004760
1_0000001_1_1001101,-0.300781,-0.296350,0.014954
0_0000011_1_1010110,-5.375000,-5.383559,0.001590
1_0000000_1_1110110,-0.921875,-0.906599,0.016850
1_0000001_0_1011000,0.343750,0.345419,0.004833
1_0000000_1_1001100,-0.593750,-0.591697,0.003470
1_0000000_1_1010001,-0.632812,-0.623242,0.015356
1_0000000_1_1101000,-0.812500,-0.811408,0.001345
0_0000010_0_1001110,2.437500,2.428820,0.003574
1_0000001_0_1000110,0.273438,0.272201,0.004543
1_0000000_0_1010110,0.671875,0.673009,0.001685
0_0000001_0_1100111,1.609375,1.615365,0.003708
0_0000001_1_1011101,-1.453125,-1.437412,0.010931
1_0000011_1_1011110,-0.091797,-0.090473,0.014635
0_0000010_0_1011001,2.781250,2.803497,0.007935
1_0000000_0_1010100,0.656250,0.667549,0.016925
1_0000000_0_1111100,0.968750,0.972204,0.003552
0_0000101_0_1101110,27.500000,27.837067,0.012109
0_0000010_0_1110000,3.500000,3.520882,0.005931
0_0000001_1_1100100,-1.562500,-1.541676,0.013507
0_0000101_1_1001000,-18.000000,-17.829453,0.009565
0_0000010_0_1100111,3.218750,3.210107,0.002693
0_0000001_1_1000001,-1.015625,-1.009955,0.005614
1_0000010_0_1100100,0.195312,0.199895,0.022925
0_0000010_1_1010111,-2.718750,-2.684724,0.012674
1_0000000_1_1010011,-0.648438,-0.648841,0.000621
0_0000010_0_1101111,3.468750,3.470829,0.000599
0_0000001_0_1101110,1.718750,1.728209,0.005473
1_0000001_1_1100010,-0.382812,-0.380488,0.006110
1_0000000_0_1011100,0.718750,0.719615,0.001202
1_0000000_0_1010001,0.632812,0.644229,0.017722
1_0000001_1_1100010,-0.382812,-0.379857,0.007782
0_0000101_1_1010110,-21.500000,-21.032130,0.022245
0_0000001_0_1000000,1.000000,1.009373,0.009286
0_0000001_1_1001110,-1.218750,-1.217689,0.000871
0_0000001_0_1001011,1.171875,1.184709,0.010833
0_0000011_1_1110100,-7.250000,-7.156328,0.013089
0_0000010_1_1000100,-2.125000,-2.094716,0.014457
0_0000001_0_1011001,1.390625,1.405564,0.010629
1_0000000_1_1101010,-0.828125,-0.824141,0.004834
0_0000001_1_1011100,-1.437500,-1.408315,0.020723
0_0000001_1_1011101,-1.453125,-1.437707,0.010724
1_0000000_0_1100001,0.757812,0.763488,0.007434
1_0000010_0_1011100,0.179688,0.181747,0.011332
0_0000010_1_1011011,-2.843750,-2.816892,0.009534
1_0000000_0_1011001,0.695312,0.694005,0.001884
1_0000000_0_1001100,0.593750,0.596004,0.003781
0_0000001_0_1101000,1.625000,1.651636,0.016127
0_0000001_1_1001111,-1.234375,-1.222014,0.010115
1_0000000_1_1000101,-0.539062,-0.533224,0.010949
1_0000000_0_1001111,0.617188,0.622668,0.008801
1_0000001_0_1001010,0.289062,0.290249,0.004088
0_0000001_1_1010100,-1.312500,-1.300501,0.009227
0_0000010_1_1111110,-3.937500,-3.909940,0.007049
0_0000001_0_1001000,1.125000,1.119110,0.005263
1_0000001_1_1100011,-0.386719,-0.380902,0.015271
0_0000001_0_1011000,1.375000,1.410929,0.025465
0_0000100_0_1101000,13.000000,13.137442,0.010462
1_0000010_1_1011100,-0.179688,-0.178407,0.007179
0_0000011_1_1110000,-7.000000,-6.960984,0.005605
1_0000011_0_1011010,0.087891,0.089317,0.015965
0_0000010_1_1010000,-2.500000,-2.477889,0.008923
0_0000001_0_1110010,1.781250,1.790601,0.005223
1_0000001_1_1111100,-0.484375,-0.478649,0.011962
1_0000000_1_1110011,-0.898438,-0.881453,0.019269
0_0000010_0_1001111,2.468750,2.508179,0.015720
0_0000001_1_1001011,-1.171875,-1.162154,0.008365
0_0000001_1_1101001,-1.640625,-1.623925,0.010284
1_0000000_1_1011100,-0.718750,-0.710469,0.011656
1_0000000_0_1100111,0.804688,0.802051,0.003287
0_0000010_0_1000110,2.187500,2.186558,0.000431
1_0000000_1_1100000,-0.750000,-0.740737,0.012505
0_0000001_1_1001000,-1.125000,-1.105524,0.017617
0_0000001_0_1000101,1.078125,1.084715,0.006075
0_0000011_1_1000101,-4.312500,-4.280552,0.007464
0_0000001_0_1001010,1.156250,1.156408,0.000137
0_0000011_1_1111010,-7.625000,-7.629080,0.000535
1_0000010_0_1011101,0.181641,0.183412,0.009660
0_0000011_0_1010000,5.000000,5.003067,0.000613
1_0000000_0_1101110,0.859375,0.878701,0.021993
0_0000011_0_1011110,5.875000,5.977531,0.017153
1_0000101_0_1000000,0.015625,0.015663,0.002454
0_0000001_1_1001001,-1.140625,-1.137482,0.002763
0_0000001_1_1101100,-1.687500,-1.681787,0.003397
1_0000000_0_1010010,0.640625,0.642756,0.003315
0_0000001_0_1101010,1.656250,1.648437,0.004740
0_0000010_0_1100010,3.062500,3.084967,0.007283
1_0000001_1_1001111,-0.308594,-0.305367,0.010567
1_0000001_0_1001101,0.300781,0.299404,0.004599
0_0000100_0_1101100,13.500000,13.626052,0.009251
0_0000001_1_1000001,-1.015625,-1.009943,0.005626
1_0000000_0_1111000,0.937500,0.949111,0.012233
0_0000001_0_1000100,1.062500,1.068962,0.006045
1_0000010_1_1011000,-0.171875,-0.172523,0.003755
1_0000000_1_1001001,-0.570312,-0.570065,0.000434
0_0000011_0_1111000,7.500000,7.498979,0.000136
1_0000000_1_1011010,-0.703125,-0.685704,0.025406
1_0000000_0_1011010,0.703125,0.720102,0.023575
0_0000101_1_1000011,-16.750000,-16.564057,0.011226
1_0000000_0_1000000,0.500000,0.501461,0.002913
1_0000010_0_1101110,0.214844,0.214911,0.000311
0_0000001_1_1001101,-1.203125,-1.188390,0.012399
1_0000011_0_1111010,0.119141,0.119699,0.004662
1_0000000_0_1111100,0.968750,0.985723,0.017218
0_0000100_1_1011010,-11.250000,-11.147983,0.009151
0_0000001_0_1100000,1.500000,1.516310,0.010756
0_0000010_0_1101110,3.437500,3.483670,0.013253
1_0000000_0_1000000,0.500000,0.502029,0.004042
1_0000011_1_1111010,-0.119141,-0.118261,0.007437
0_0000010_1_1000000,-2.000000,-2.003801,0.001897
1_0000001_0_1000110,0.273438,0.277539,0.014777
0_0000110_0_1010010,41.000000,41.319098,0.007723
1_0000110_1_1001011,-0.009155,-0.009165,0.001076
1_0000010_0_1101000,0.203125,0.205156,0.009900
0_0000001_0_1000110,1.093750,1.111617,0.016073
0_0000001_0_1111110,1.968750,1.992675,0.012006
0_0000101_1_1000100,-17.000000,-16.921543,0.004636
1_0000010_0_1001100,0.148438,0.148640,0.001361
0_0000011_0_1001110,4.875000,4.884686,0.001983
1_0000001_0_1101010,0.414062,0.421870,0.018507
0_0000011_1_1000100,-4.250000,-4.219801,0.007157
0_0000011_0_1001011,4.687500,4.725650,0.008073
0_0000011_0_1010000,5.000000,5.005494,0.001098
0_0000010_1_1000000,-2.000000,-2.002011,0.001004
0_0000010_1_1111110,-3.937500,-3.888256,0.012665
1_0000000_1_1110110,-0.921875,-0.908718,0.014479
1_0000000_1_1101001,-0.820312,-0.810577,0.012010
0_0000011_1_1010000,-5.000000,-4.955968,0.008885
1_0000010_0_1011100,0.179688,0.180391,0.003903
0_0000101_0_1011101,23.250000,23.169281,0.003484
0_0000010_1_1000011,-2.093750,-2.060844,0.015967
0_0000001_0_1000010,1.031250,1.052003,0.019727
0_0000011_1_1011110,-5.875000,-5.852451,0.003853
1_0000000_1_1110010,-0.890625,-0.883322,0.008267
1_0000010_1_1110100,-0.226562,-0.225630,0.004133
1_0000010_0_1100010,0.191406,0.193796,0.012332
0_0000011_1_1010100,-5.250000,-5.250579,0.000110
1_0000001_0_1010000,0.312500,0.318095,0.017588
0_0000001_1_1000100,-1.062500,-1.053854,0.008204
0_0000010_1_1001110,-2.437500,-2.419860,0.007290
0_0000001_1_1000001,-1.015625,-1.002080,0.013517
1_0000001_0_1111110,0.492188,0.493448,0.002554
0_0000001_0_1001000,1.125000,1.128636,0.003222
1_0000011_1_1101100,-0.105469,-0.104471,0.009550
0_0000010_0_1011000,2.750000,2.772575,0.008142
1_0000010_0_1110100,0.226562,0.229206,0.011534
0_0000011_1_1001100,-4.750000,-4.682944,0.014319
1_0000100_0_1101110,0.053711,0.054065,0.006546
1_0000100_1_1001110,-0.038086,-0.037776,0.008214
0_0000010_0_1001000,2.250000,2.283730,0.014770
1_0000000_1_1100000,-0.750000,-0.750244,0.000326
1_0000001_0_1011010,0.351562,0.353000,0.004073
0_0000100_0_1000101,8.625000,8.681335,0.006489
0_0000001_0_1100110,1.593750,1.623448,0.018293
1_0000000_1_1110110,-0.921875,-0.903260,0.020609
1_0000010_0_1000101,0.134766,0.136599,0.013422
0_0000001_1_1010110,-1.343750,-1.328604,0.011400
1_0000000_0_1011000,0.687500,0.692182,0.006765
1_0000000_0_1000011,0.523438,0.528028,0.008694
1_0000000_1_1100100,-0.781250,-0.772250,0.011654
0_0000001_0_1000101,1.078125,1.081153,0.002801
0_0000010_1_1001001,-2.281250,-2.253105,0.012491
1_0000000_0_1001100,0.593750,0.601968,0.013652
1_0000111_1_1111100,-0.007568,-0.007500,0.009133
0_0000001_0_1101000,1.625000,1.641349,0.009960
0_0000010_1_1010100,-2.625000,-2.589518,0.013702
1_0000001_0_1100110,0.398438,0.403413,0.012334
1_0000001_1_1010110,-0.335938,-0.336038,0.000298
1_0000001_0_1110000,0.437500,0.439760,0.005139
0_0000001_0_1110100,1.812500,1.826389,0.007605
1_0000001_0_1100001,0.378906,0.380041,0.002986
1_0000000_1_1000000,-0.500000,-0.491577,0.017135
0_0000100_1_1111010,-15.250000,-14.980778,0.017971
1_0000001_1_1100100,-0.390625,-0.390785,0.000408
0_0000010_1_1001010,-2.312500,-2.279677,0.014398
0_0000001_1_1001001,-1.140625,-1.124497,0.014342
1_0000000_1_1110100,-0.906250,-0.897800,0.009412
1_0000000_1_1100000,-0.750000,-0.738584,0.015457
1_0000000_1_1011110,-0.734375,-0.726476,0.010873
1_0000010_0_1011010,0.175781,0.177601,0.010244
0_0000001_0_1100110,1.593750,1.622903,0.017964
1_0000001_1_1011010,-0.351562,-0.351993,0.001223
0_0000011_1_1000001,-4.062500,-4.016526,0.011446
1_0000101_1_1101010,-0.025879,-0.025684,0.007590
0_0000010_0_1011100,2.875000,2.899592,0.008481
0_0000011_0_1101110,6.875000,6.961276,0.012394
1_0000010_1_1101100,-0.210938,-0.211240,0.001434
1_0000011_0_1001010,0.072266,0.073855,0.021520
1_0000001_1_1010010,-0.320312,-0.323570,0.010066
0_0000001_1_1010100,-1.312500,-1.307554,0.003783
1_0000000_0_1000100,0.531250,0.531394,0.000271
1_0000010_1_1001001,-0.142578,-0.141146,0.010149
0_0000001_1_1011010,-1.406250,-1.400448,0.004143
0_0000001_0_1000010,1.031250,1.039068,0.007524
0_0000100_1_1010000,-10.000000,-9.934355,0.006608
1_0000000_1_1110000,-0.875000,-0.878220,0.003667
1_0000000_1_1000011,-0.523438,-0.523528,0.000173
0_0000111_0_1010101,85.000000,85.473796,0.005543
0_0000001_0_1010110,1.343750,1.376774,0.023987
1_0000001_0_1101110,0.429688,0.428743,0.002202
1_0000011_1_1100010,-0.095703,-0.094233,0.015605
0_0000100_0_1110000,14.000000,14.151385,0.010698
1_0000001_1_1111110,-0.492188,-0.486660,0.011359
0_0000010_0_1000000,2.000000,1.997371,0.001316
1_0000000_0_1001100,0.593750,0.606921,0.021702
1_0000000_1_1001000,-0.562500,-0.564333,0.003247
1_0000011_1_1011100,-0.089844,-0.089533,0.003475
1_0000000_0_1000011,0.523438,0.531056,0.014346
1_0000100_1_1001100,-0.037109,-0.036916,0.005238
1_0000010_1_1000101,-0.134766,-0.132439,0.017569
0_0000010_1_1011000,-2.750000,-2.682999,0.024972
1_0000010_0_1100110,0.199219,0.202512,0.016262
0_0000001_0_1010100,1.312500,1.320103,0.005759
1_0000000_0_1101100,0.843750,0.853502,0.011426
0_0001000_0_1001010,148.000000,151.684835,0.024293
1_0000001_0_1001100,0.296875,0.305367,0.027810
0_0000100_0_1110010,14.250000,14.480858,0.015942
1_0000000_0_1001110,0.609375,0.625586,0.025913
0_0000101_0_1010101,21.250000,21.440138,0.008868
1_0000100_1_1001100,-0.037109,-0.036616,0.013474
0_0000100_1_1000101,-8.625000,-8.596478,0.003318
1_0000000_1_1111110,-0.984375,-0.985671,0.001315
0_0000001_1_1001000,-1.125000,-1.113431,0.010390
1_0000001_1_1001110,-0.304688,-0.303246,0.004755
1_0000101_0_1111000,0.029297,0.029555,0.008741
0_0000011_1_1100000,-6.000000,-5.915549,0.014276
0_0000010_0_1000010,2.062500,2.060838,0.000806
1_0000000_1_1011000,-0.687500,-0.684075,0.005006
1_0000100_1_1100000,-0.046875,-0.047015,0.002976
0_0000011_0_1101000,6.500000,6.502575,0.000396
0_0000010_0_1000001,2.031250,2.019367,0.005885
0_0000100_1_1000110,-8.750000,-8.626419,0.014326
1_0000000_0_1001110,0.609375,0.610020,0.001057
1_0000100_1_1101110,-0.053711,-0.053806,0.001765
1_0000000_0_1111110,0.984375,0.985778,0.001423
1_0000000_1_1110010,-0.890625,-0.873023,0.020162
0_0000001_0_1011001,1.390625,1.411069,0.014488
1_0000101_0_1111110,0.030762,0.030957,0.006319
1_0000000_1_1001001,-0.570312,-0.571226,0.001600
0_0000010_1_1110100,-3.625000,-3.650940,0.007105
0_0000010_0_1001010,2.312500,2.290940,0.009411
1_0000001_0_1100000,0.375000,0.378902,0.010298
1_0000000_1_1001100,-0.593750,-0.590447,0.005594
0_0000001_1_1001110,-1.218750,-1.200866,0.014892
1_0000001_1_1010010,-0.320312,-0.319425,0.002778
1_0000000_0_1100110,0.796875,0.819043,0.027066
1_0000001_1_1111100,-0.484375,-0.486566,0.004502
1_0000000_1_1110110,-0.921875,-0.915498,0.006966
0_0000001_0_1001010,1.156250,1.175020,0.015974
1_0000010_1_1110100,-0.226562,-0.224197,0.010549
1_0000001_1_1101000,-0.406250,-0.398309,0.019936
1_0000000_1_1001001,-0.570312,-0.560913,0.016757
0_0000001_1_1011000,-1.375000,-1.358583,0.012084
1_0000011_1_1111010,-0.119141,-0.117869,0.010791
0_0000001_0_1100010,1.531250,1.534569,0.002163
0_0000011_1_1011010,-5.625000,-5.573562,0.009229
1_0000001_0_1010100,0.328125,0.326676,0.004435
0_0000111_0_1100001,97.000000,97.461215,0.004732
0_0000001_0_1010010,1.281250,1.295127,0.010715
0_0000001_0_1000100,1.062500,1.069445,0.006494
0_0000001_1_1011011,-1.421875,-1.409465,0.008804
1_0000000_0_1010110,0.671875,0.676655,0.007064
1_0000000_1_1011110,-0.734375,-0.722390,0.016591
1_0000001_0_1001111,0.308594,0.312741,0.013260
1_0000000_1_1011110,-0.734375,-0.719665,0.020441
0_0000001_1_1111000,-1.875000,-1.870879,0.002202
0_0000010_0_1101011,3.343750,3.352031,0.002471
1_0000000_0_1000110,0.546875,0.564584,0.031367
0_0000101_0_1011000,22.000000,22.097331,0.004405
1_0000000_1_1010000,-0.625000,-0.628230,0.005141
0_0000001_1_1001101,-1.203125,-1.201962,0.000968
0_0000001_0_1000110,1.093750,1.108209,0.013047
1_0000010_1_1001011,-0.146484,-0.145630,0.005864
0_0000001_0_1101011,1.671875,1.667343,0.002718
0_0000001_1_1000100,-1.062500,-1.067630,0.004805
0_0000010_0_1010001,2.531250,2.523518,0.003064
0_0000001_0_1110001,1.765625,1.752599,0.007433
1_0000000_0_1101110,0.859375,0.870701,0.013008
1_0000000_1_1111000,-0.937500,-0.930319,0.007718
0_0000001_0_1000000,1.000000,1.020560,0.020145
0_0000001_1_1001011,-1.171875,-1.171611,0.000226
1_0000000_1_1100011,-0.773438,-0.769743,0.004800
1_0000000_0_1111100,0.968750,0.973473,0.004852
1_0000000_1_1111110,-0.984375,-0.969021,0.015845
0_0000011_0_1110110,7.375000,7.363924,0.001504
1_0000000_0_1101010,0.828125,0.825092,0.003676
0_0000001_0_1010010,1.281250,1.280352,0.000702
0_0000001_0_1010100,1.312500,1.319399,0.005229
0_0000110_1_1001010,-37.000000,-36.473482,0.014436
1_0000000_0_1010111,0.679688,0.681877,0.003210
1_0000000_0_1110100,0.906250,0.919809,0.014741
1_0000001_0_1001011,0.292969,0.294950,0.006717
1_0000000_1_1111010,-0.953125,-0.937591,0.016568
0_0000010_1_1010111,-2.718750,-2.693869,0.009236
1_0000000_0_1000010,0.515625,0.514174,0.002822
0_0000001_0_1011011,1.421875,1.437748,0.011040
0_0000001_1_1100100,-1.562500,-1.539256,0.015101
1_0000011_0_1111010,0.119141,0.119873,0.006112
0_0000001_0_1111000,1.875000,1.868789,0.003324
0_0000010_0_1001000,2.250000,2.274056,0.010578
0_0000010_1_1001111,-2.468750,-2.455543,0.005378
0_0000101_0_1101100,27.000000,27.008202,0.000304
1_0000010_1_1010001,-0.158203,-0.157666,0.003408
0_0000010_0_1001000,2.250000,2.257734,0.003425
1_0000010_0_1000110,0.136719,0.140033,0.023671
0_0000001_0_1100111,1.609375,1.606298,0.001915
0_0000011_1_1011111,-5.937500,-5.926637,0.001833
1_0000100_1_1101100,-0.052734,-0.052210,0.010051
1_0000000_1_1011100,-0.718750,-0.711837,0.009712
0_0000001_1_1001100,-1.187500,-1.166202,0.018263
0_0000001_1_1010000,-1.250000,-1.240185,0.007914
0_0000001_1_1001111,-1.234375,-1.237276,0.002345
1_0000010_1_1110010,-0.222656,-0.222348,0.001386
0_0000001_1_1101110,-1.718750,-1.704555,0.008328
1_0000000_1_1011001,-0.695312,-0.688004,0.010623
1_0000000_1_1110100,-0.906250,-0.895784,0.011683
1_0000001_0_1010010,0.320312,0.325138,0.014840
0_0000011_1_1001001,-4.562500,-4.537460,0.005519
0_0000001_1_1000110,-1.093750,-1.079603,0.013104
0_0000001_0_1000000,1.000000,1.011889,0.011749
1_0000001_0_1100110,0.398438,0.402113,0.009139
0_0000011_1_1100100,-6.250000,-6.240213,0.001568
1_0000000_1_1000011,-0.523438,-0.521231,0.004233
0_0000001_1_1011010,-1.406250,-1.387689,0.013375
1_0000001_0_1110000,0.437500,0.438652,0.002626
0_0000001_1_1110000,-1.750000,-1.718429,0.018372
1_0000011_0_1010110,0.083984,0.083685,0.003579
0_0000001_0_1010111,1.359375,1.365271,0.004319
0_0000001_0_1110000,1.750000,1.751299,0.000742
0_0000010_1_1011010,-2.812500,-2.739840,0.026520
0_0000011_1_1001010,-4.625000,-4.623808,0.000258
0_0000001_1_1100000,-1.500000,-1.480851,0.012931
0_0000010_0_1010100,2.625000,2.618065,0.002649
1_0000010_0_1000111,0.138672,0.139508,0.005996
1_0000100_0_1100010,0.047852,0.047832,0.000413
0_0000001_0_1100010,1.531250,1.562509,0.020005
1_0000000_0_1100011,0.773438,0.770087,0.004351
0_0000001_0_1101101,1.703125,1.694482,0.005101
1_0000001_1_1100011,-0.386719,-0.384060,0.006922
0_0000001_1_1111100,-1.937500,-1.899251,0.020139
1_0000001_0_1110010,0.445312,0.449871,0.010133
0_0000101_1_1100000,-24.000000,-23.864987,0.005657
1_0000000_0_1110010,0.890625,0.897332,0.007474
1_0001001_1_1010100,-0.001282,-0.001279,0.002200
0_0000010_0_1110111,3.718750,3.694888,0.006458
0_0000011_1_1101110,-6.875000,-6.844660,0.004433
1_0000000_0_1000101,0.539062,0.536916,0.003998
0_0000100_0_1000001,8.125000,8.190540,0.008002
0_0000001_0_1000011,1.046875,1.056962,0.009543
1_0000001_0_1110100,0.453125,0.449355,0.008389
0_0000011_0_1011000,5.500000,5.516771,0.003040
0_0000010_1_1001010,-2.312500,-2.320242,0.003337
0_0000001_0_1010000,1.250000,1.243208,0.005463
1_0000001_0_1010011,0.324219,0.324465,0.000758
0_0000010_0_1010001,2.531250,2.548434,0.006743
1_0000010_1_1010110,-0.167969,-0.167334,0.003791
1_0000011_1_1000000,-0.062500,-0.062536,0.000581
0_0000001_1_1101000,-1.625000,-1.628605,0.002214
1_0000000_1_1010111,-0.679688,-0.675271,0.006540
1_0000000_1_1011010,-0.703125,-0.701528,0.002277
0_0000001_0_1110100,1.812500,1.837577,0.013647
1_0000010_1_1001101,-0.150391,-0.148279,0.014244
1_0000000_0_1110000,0.875000,0.889919,0.016764
0_0000001_1_1010100,-1.312500,-1.307407,0.003895
0_0000001_0_1001000,1.125000,1.130243,0.004639
0_0000010_1_1110010,-3.562500,-3.535735,0.007570
0_0000001_1_1000111,-1.109375,-1.094919,0.013203
0_0000010_1_1110100,-3.625000,-3.613362,0.003221
1_0000010_0_1001101,0.150391,0.150291,0.000664
0_0000001_0_1001001,1.140625,1.154015,0.011603
0_0000100_0_1111010,15.250000,15.436610,0.012089
1_0000010_0_1001110,0.152344,0.153082,0.004824
0_0000010_0_1010011,2.593750,2.596220,0.000951
0_0000010_1_1111110,-3.937500,-3.880371,0.014723
0_0000010_0_1000100,2.125000,2.110543,0.006850
1_0000000_0_1001101,0.601562,0.603734,0.003597
1_0000001_1_1111010,-0.476562,-0.475095,0.003088
0_0000011_1_1001101,-4.812500,-4.840426,0.005769
0_0000010_0_1110100,3.625000,3.672625,0.012968
0_0000001_1_1001000,-1.125000,-1.136306,0.009949
1_0000001_1_1111110,-0.492188,-0.490364,0.003720
1_0000000_0_1101010,0.828125,0.833196,0.006086
1_0000010_1_1110110,-0.230469,-0.228987,0.006469
0_0000010_0_1001110,2.437500,2.428189,0.003834
0_0000100_1_1110110,-14.750000,-14.622616,0.008711
1_0000001_0_1001000,0.281250,0.280552,0.002487
0_0000001_1_1101110,-1.718750,-1.692801,0.015329
0_0000010_0_1000101,2.156250,2.141823,0.006736
1_0000001_1_1111010,-0.476562,-0.475893,0.001407
0_0000011_0_1000010,4.125000,4.174252,0.011799
1_0000001_0_1110010,0.445312,0.449888,0.010171
0_0000001_1_1000010,-1.031250,-1.037061,0.005603
1_0000000_0_1000010,0.515625,0.515250,0.000728
0_0000001_0_1000011,1.046875,1.059966,0.012351
1_0000000_1_1001100,-0.593750,-0.587615,0.010441
1_0000001_0_1101010,0.414062,0.413555,0.001228
0_0000011_1_1111000,-7.500000,-7.448752,0.006880
0_0000100_0_1000010,8.250000,8.303506,0.006444
1_0000000_0_1101110,0.859375,0.865189,0.006720
1_0000001_0_1000000,0.250000,0.249811,0.000758
0_0000001_1_1001100,-1.187500,-1.184143,0.002835
0_0000011_1_1001111,-4.937500,-4.894269,0.008833
0_0000001_0_1000011,1.046875,1.051971,0.004844
0_0000001_1_1110110,-1.843750,-1.820848,0.012578
1_0000010_1_1111010,-0.238281,-0.239741,0.006091
0_0000010_1_1001100,-2.375000,-2.367469,0.003181
1_0000000_1_1010111,-0.679688,-0.674309,0.007976
1_0000000_1_1100110,-0.796875,-0.796503,0.000468
0_0000010_1_1010111,-2.718750,-2.686079,0.012163
0_0000010_0_1111100,3.875000,3.888232,0.003403
0_0000001_0_1000111,1.109375,1.114984,0.005030
0_0000001_0_1011100,1.437500,1.459012,0.014744
1_0000001_0_1001100,0.296875,0.300285,0.011355
1_0000000_1_1110010,-0.890625,-0.881426,0.010437
0_0000100_0_1110110,14.750000,14.720035,0.002036
1_0000001_0_1111110,0.492188,0.498537,0.012736
1_0000000_0_1010010,0.640625,0.649147,0.013128
0_0000010_1_1011011,-2.843750,-2.833942,0.003461
1_0000000_0_1001000,0.562500,0.562340,0.000284
0_0000001_0_1101110,1.718750,1.717901,0.000494
1_0000000_0_1011110,0.734375,0.730047,0.005928
1_0000000_1_1110000,-0.875000,-0.874941,0.000068
1_0000000_1_1011000,-0.687500,-0.675767,0.017363
0_0000001_1_1111010,-1.906250,-1.900545,0.003002
1_0000010_0_1110100,0.226562,0.229665,0.013507
1_0000001_0_1101010,0.414062,0.420245,0.014712
1_0000000_1_1110100,-0.906250,-0.895511,0.011992
1_0000000_1_1010000,-0.625000,-0.619829,0.008343
0_0000001_1_1001000,-1.125000,-1.106366,0.016843
0_0000101_0_1101010,26.500000,26.846183,0.012895
0_0000001_1_1110000,-1.750000,-1.721680,0.016449
1_0000000_0_1100000,0.750000,0.751955,0.002600
0_0000001_0_1010101,1.328125,1.338666,0.007874
0_0000001_0_1001010,1.156250,1.169351,0.011203
0_0000001_1_1001000,-1.125000,-1.130546,0.004906
0_0000010_1_1000010,-2.062500,-2.066536,0.001953
0_0000101_1_1011001,-22.250000,-22.214591,0.001594
1_0000000_1_1011000,-0.687500,-0.677017,0.015484
1_0000001_1_1000011,-0.261719,-0.261795,0.000291
0_0000001_1_1010100,-1.312500,-1.309489,0.002299
0_0000001_1_1110010,-1.781250,-1.766412,0.008400
1_0000000_0_1111110,0.984375,0.981583,0.002844
1_0000000_0_1110010,0.890625,0.888305,0.002612
1_0000000_0_1110000,0.875000,0.874133,0.000992
1_0000011_1_1001000,-0.070312,-0.069716,0.008556
1_0000011_0_1100001,0.094727,0.094485,0.002555
0_0000001_0_1111000,1.875000,1.885088,0.005351
0_0000011_1_1010101,-5.312500,-5.280498,0.006060
0_0000010_1_1010110,-2.687500,-2.619886,0.025808
0_0000011_0_1101100,6.750000,6.759210,0.001363
1_0000000_1_1111110,-0.984375,-0.971848,0.012890
0_0000001_1_1110000,-1.750000,-1.748915,0.000620
1_0000001_0_1000110,0.273438,0.277165,0.013447
1_0000000_1_1101110,-0.859375,-0.850777,0.010106
1_0000011_0_1010101,0.083008,0.083764,0.009024
0_0000001_0_1110100,1.812500,1.824691,0.006681
1_0000000_1_1111000,-0.937500,-0.929659,0.008435
1_0000011_0_1110110,0.115234,0.115808,0.004952
0_0000010_1_1100011,-3.093750,-3.054133,0.012972
1_0000000_1_1101010,-0.828125,-0.809239,0.023338
1_0000000_1_1001110,-0.609375,-0.598982,0.017352
1_0000100_0_1101000,0.050781,0.051350,0.011073
0_0000010_1_1111110,-3.937500,-3.940108,0.000662
0_0000100_0_1000011,8.375000,8.390565,0.001855
1_0000001_0_1000001,0.253906,0.256231,0.009072
1_0000010_1_1110110,-0.230469,-0.229023,0.006314
0_0000001_0_1001001,1.140625,1.145157,0.003957
1_0000000_0_1010110,0.671875,0.677769,0.008697
1_0000000_0_1011000,0.687500,0.693359,0.008450
1_0000010_0_1110110,0.230469,0.231593,0.004854
1_0000000_1_1001100,-0.593750,-0.586791,0.011860
0_0000001_0_1111010,1.906250,1.909281,0.001588
1_0000010_1_1100000,-0.187500,-0.184444,0.016571
0_0000010_1_1101011,-3.343750,-3.334573,0.002752
1_0000000_0_1111110,0.984375,0.990506,0.006190
0_0000001_1_1011111,-1.484375,-1.478446,0.004010
0_0000001_1_1011100,-1.437500,-1.426096,0.007996
0_0000100_1_1011011,-11.375000,-11.291848,0.007364
1_0000001_1_1001010,-0.289062,-0.284265,0.016878
0_0000010_1_1001000,-2.250000,-2.217706,0.014562
1_0000011_1_1000111,-0.069336,-0.069021,0.004560
0_0000001_1_1100011,-1.546875,-1.522703,0.015874
0_0000001_0_1000000,1.000000,1.010016,0.009917
0_0000001_1_1101001,-1.640625,-1.648464,0.004755
1_0000000_1_1100110,-0.796875,-0.789836,0.008912
1_0000010_1_1000010,-0.128906,-0.129565,0.005088
0_0000001_1_1001000,-1.125000,-1.123692,0.001164
1_0000100_0_1101000,0.050781,0.051004,0.004371
0_0000011_1_1001111,-4.937500,-4.978940,0.008323
0_0000001_0_1010100,1.312500,1.333894,0.016039
0_0000001_0_1110000,1.750000,1.778098,0.015802
0_0000001_0_1010001,1.265625,1.269134,0.002765
1_0000010_1_1011100,-0.179688,-0.177076,0.014745
1_0000000_0_1100010,0.765625,0.773865,0.010648
0_0000010_1_1101111,-3.468750,-3.460893,0.002270
1_0000100_1_1100110,-0.049805,-0.049043,0.015525
0_0000001_0_1000010,1.031250,1.033755,0.002424
1_0000011_0_1110000,0.109375,0.109613,0.002170
1_0000000_1_1111010,-0.953125,-0.952918,0.000217
1_0000000_1_1101111,-0.867188,-0.865364,0.002107
1_0000001_1_1000001,-0.253906,-0.251746,0.008579
1_0000000_1_1010000,-0.625000,-0.616288,0.014137
0_0000101_1_1010110,-21.500000,-21.211104,0.013620
1_0000000_1_1101000,-0.812500,-0.801451,0.013787
0_0000010_0_1010101,2.656250,2.694901,0.014342
0_0000010_1_1000100,-2.125000,-2.124170,0.000391
1_0000000_1_1011101,-0.726562,-0.715820,0.015007
0_0000010_1_1110010,-3.562500,-3.501946,0.017292
0_0000001_0_1001100,1.187500,1.198018,0.008780
1_0000000_1_1110110,-0.921875,-0.914190,0.008407
1_0000000_1_1110110,-0.921875,-0.919195,0.002915
0_0000010_0_1000000,2.000000,2.026707,0.013178
0_0000010_1_1110000,-3.500000,-3.447055,0.015360
0_0000001_0_1000100,1.062500,1.061936,0.000531
1_0000000_0_1001100,0.593750,0.596280,0.004243
0_0000001_0_1111001,1.890625,1.895700,0.002677
1_0000000_1_1010000,-0.625000,-0.626513,0.002415
1_0000000_1_1110010,-0.890625,-0.882554,0.009145
1_0000000_1_1100110,-0.796875,-0.790694,0.007817
1_0000000_0_1100011,0.773438,0.774190,0.000972
0_0000011_1_1010001,-5.062500,-5.066340,0.000758
1_0000000_1_1100000,-0.750000,-0.743798,0.008338
0_0000100_0_1011010,11.250000,11.282430,0.002874
1_0000011_0_1001100,0.074219,0.075888,0.021991
1_0000000_1_1110010,-0.890625,-0.886031,0.005185
0_0000010_1_1011101,-2.906250,-2.899564,0.002306
0_0000001_0_1100000,1.500000,1.492502,0.005023
1_0000010_0_1111100,0.242188,0.241924,0.001088
1_0000000_0_1111100,0.968750,0.977103,0.008549
1_0000011_1_1111000,-0.117188,-0.116554,0.005437
0_0000001_1_1001011,-1.171875,-1.173802,0.001642
0_0000001_1_1010110,-1.343750,-1.328350,0.011593
1_0000010_0_1100101,0.197266,0.197359,0.000474
0_0000001_0_1111000,1.875000,1.890411,0.008152
0_0000010_0_1000110,2.187500,2.256035,0.030378
0_0000100_1_1100000,-12.000000,-11.933190,0.005599
1_0000000_1_1000111,-0.554688,-0.544903,0.017957
1_0000010_0_1000110,0.136719,0.137553,0.006064
0_0000011_0_1111100,7.750000,7.797708,0.006118
1_0000000_0_1000001,0.507812,0.506771,0.002056
1_0000000_0_1000100,0.531250,0.529183,0.003906
1_0000001_1_1000000,-0.250000,-0.248479,0.006123
0_0000010_1_1000100,-2.125000,-2.105350,0.009333
0_0000001_0_1000110,1.093750,1.099138,0.004902
0_0000001_0_1001000,1.125000,1.145800,0.018153
0_0000001_0_1111010,1.906250,1.929870,0.012239
0_0000001_1_1111010,-1.906250,-1.874224,0.017088
0_0000010_0_1100110,3.187500,3.245349,0.017825
1_0000010_0_1111000,0.234375,0.235466,0.004634
1_0000000_0_1011100,0.718750,0.725000,0.008620
0_0000011_0_1000110,4.375000,4.390756,0.003588
1_0000001_0_1000110,0.273438,0.277823,0.015785
0_0000001_0_1110000,1.750000,1.768941,0.010708
0_0000010_1_1010110,-2.687500,-2.666189,0.007993
0_0000010_0_1100010,3.062500,3.083088,0.006678
0_0000011_0_1011100,5.750000,5.717797,0.005632
0_0000001_0_1111100,1.937500,1.949044,0.005923
1_0000010_0_1001010,0.144531,0.143156,0.009608
1_0000010_0_1100100,0.195312,0.197329,0.010221
1_0000001_0_1011100,0.359375,0.364541,0.014171
1_0000010_0_1100110,0.199219,0.201706,0.012329
0_0000101_0_1000010,16.500000,16.582007,0.004946
0_0000010_0_1010110,2.687500,2.673341,0.005296
0_0000010_0_1001100,2.375000,2.400002,0.010418
0_0000001_0_1001010,1.156250,1.169123,0.011011
1_0000010_0_1110000,0.218750,0.221460,0.012237
1_0000001_0_1100100,0.390625,0.397362,0.016955
0_0000010_1_1110000,-3.500000,-3.451584,0.014027
1_0000010_1_1010010,-0.160156,-0.158162,0.012611
1_0000000_1_1100111,-0.804688,-0.797050,0.009582
1_0000000_0_1100000,0.750000,0.749012,0.001319
1_0000000_0_1111000,0.937500,0.941289,0.004025
0_0000001_1_1111100,-1.937500,-1.910026,0.014384
0_0000001_0_1000000,1.000000,1.010657,0.010544
1_0000000_1_1111000,-0.937500,-0.932411,0.005458
1_0000001_1_1000010,-0.257812,-0.258462,0.002512
0_0000001_0_1001001,1.140625,1.141057,0.000378
1_0000010_0_1011000,0.171875,0.174254,0.013651
0_0000001_1_1010011,-1.296875,-1.289094,0.006036
0_0000010_0_1001011,2.343750,2.350332,0.002800
1_0000001_0_1010100,0.328125,0.333219,0.015286
1_0000001_0_1010110,0.335938,0.339855,0.011527
1_0000001_0_1001000,0.281250,0.285687,0.015529
1_0000001_1_1100100,-0.390625,-0.388016,0.006725
1_0000001_1_1001111,-0.308594,-0.305769,0.009240
1_0000000_0_1001100,0.593750,0.595605,0.003115
1_0000001_1_1110000,-0.437500,-0.428749,0.020410
0_0000001_1_1100111,-1.609375,-1.593753,0.009802
1_0000000_0_1010101,0.664062,0.668008,0.005907
0_0000001_1_1000110,-1.093750,-1.074420,0.017991
0_0000001_0_1111110,1.968750,1.983470,0.007422
1_0000000_0_1110000,0.875000,0.881535,0.007414
1_0000000_0_1111110,0.984375,0.995318,0.010995
0_0000010_0_1110000,3.500000,3.518635,0.005296
1_0000000_1_1100010,-0.765625,-0.766338,0.000930
0_0000011_0_1000010,4.125000,4.135043,0.002429
1_0000000_0_1101100,0.843750,0.855919,0.014218
0_0000001_1_1101101,-1.703125,-1.689438,0.008102
0_0000100_1_1000001,-8.125000,-8.016974,0.013475
0_0000101_0_1010001,20.250000,20.330956,0.003982
0_0000010_1_1111100,-3.875000,-3.848983,0.006760
1_0000001_0_1111100,0.484375,0.491840,0.015178
0_0000101_0_1010111,21.750000,21.804562,0.002502
0_0000010_1_1000110,-2.187500,-2.175872,0.005344
1_0000011_1_1011100,-0.089844,-0.089612,0.002583
1_0000001_0_1001110,0.304688,0.306533,0.006020
0_0000010_1_1001111,-2.468750,-2.454733,0.005710
1_0000000_0_1000100,0.531250,0.534815,0.006666
0_0000001_0_1000110,1.093750,1.084255,0.008757
0_0000011_0_1100010,6.125000,6.163937,0.006317
0_0000010_1_1011001,-2.781250,-2.770438,0.003903
0_0000010_0_1110000,3.500000,3.530433,0.008620
1_0000010_0_1000000,0.125000,0.126306,0.010338
1_0000000_1_1010111,-0.679688,-0.674012,0.008421
0_0000001_1_1100110,-1.593750,-1.583488,0.006481
0_0000111_0_1000000,64.000000,64.987398,0.015194
0_0000010_1_1001100,-2.375000,-2.385041,0.004210
1_0000000_0_1111010,0.953125,0.954643,0.001590
0_0000001_1_1001001,-1.140625,-1.134494,0.005404
1_0000001_1_1100100,-0.390625,-0.391680,0.002694
1_0000001_1_1100000,-0.375000,-0.369539,0.014778
0_0000001_1_1101100,-1.687500,-1.671155,0.009781
1_0000010_0_1100110,0.199219,0.200909,0.008413
1_0000000_1_1001100,-0.593750,-0.596066,0.003885
1_0000000_1_1011110,-0.734375,-0.727881,0.008921
0_0000010_0_1000000,2.000000,2.025386,0.012534
1_0000000_1_1111010,-0.953125,-0.941380,0.012476
0_0000010_0_1011100,2.875000,2.893578,0.006420
1_0000010_0_1100100,0.195312,0.199608,0.021518
1_0000000_1_1011010,-0.703125,-0.690544,0.018219
0_0000101_0_1001010,18.500000,18.817128,0.016853
1_0000000_0_1001100,0.593750,0.607455,0.022562
1_0000000_0_1010101,0.664062,0.666394,0.003498
0_0000001_1_1010111,-1.359375,-1.348316,0.008202
0_0000010_0_1011111,2.968750,2.958053,0.003616
1_0000001_1_1011100,-0.359375,-0.358483,0.002488
0_0000001_0_1000001,1.015625,1.028909,0.012911
1_0000000_1_1100011,-0.773438,-0.765900,0.009841
1_0000000_0_1001010,0.578125,0.582693,0.007839
0_0000001_0_1001101,1.203125,1.203476,0.000292
1_0000001_1_1100000,-0.375000,-0.371699,0.008881
1_0000001_1_1011100,-0.359375,-0.355749,0.010192
0_0000010_0_1101100,3.375000,3.371640,0.000997
0_0000001_1_1000101,-1.078125,-1.063978,0.013296
1_0000000_0_1001010,0.578125,0.583460,0.009144
0_0000010_0_1000111,2.218750,2.234279,0.006950
0_0000100_0_1000011,8.375000,8.403396,0.003379
0_0000001_0_1011100,1.437500,1.443692,0.004289
1_0000000_1_1001010,-0.578125,-0.569791,0.014626
1_0000000_1_1100011,-0.773438,-0.772873,0.000730
1_0000010_0_1010000,0.156250,0.159043,0.017564
1_0000000_1_1100001,-0.757812,-0.751338,0.008617
0_0000100_1_1101011,-13.375000,-13.300764,0.005581
1_0000011_0_1110010,0.111328,0.112241,0.008135
0_0000001_1_1001010,-1.156250,-1.145007,0.009819
0_0000101_0_1000110,17.500000,17.540108,0.002287
1_0000001_0_1111110,0.492188,0.490603,0.003229
1_0000001_0_1101100,0.421875,0.423947,0.004887
0_0000001_0_1111100,1.937500,1.957537,0.010236
0_0000001_1_1010001,-1.265625,-1.249309,0.013060
0_0000001_1_1011001,-1.390625,-1.385911,0.003401
0_0000001_1_1001011,-1.171875,-1.177262,0.004576
1_0000000_0_1000010,0.515625,0.520967,0.010254
0_0000001_0_1010000,1.250000,1.258695,0.006908
1_0000000_1_1111010,-0.953125,-0.946505,0.006994
1_0000001_1_1011001,-0.347656,-0.340775,0.020193
1_0000001_0_1000001,0.253906,0.257442,0.013732
1_0000001_0_1001110,0.304688,0.306048,0.004446
1_0000011_1_1100010,-0.095703,-0.094772,0.009822
1_0000000_1_1111010,-0.953125,-0.951254,0.001967
0_0000001_1_1011010,-1.406250,-1.393532,0.009127
0_0000010_0_1111000,3.750000,3.825841,0.019823
0_0000001_1_1000101,-1.078125,-1.068790,0.008735
1_0000110_0_1010010,0.010010,0.009972,0.003827
0_0000001_1_1000001,-1.015625,-1.009025,0.006541
0_0000100_0_1000001,8.125000,8.231547,0.012944
0_0000101_0_1010000,20.000000,19.951317,0.002440
0_0000011_1_1010010,-5.125000,-5.073511,0.010149
0_0000101_0_1011000,22.000000,21.934955,0.002965
1_0000001_1_1110100,-0.453125,-0.444046,0.020445
1_0000010_0_1111110,0.246094,0.248492,0.009650
0_0000001_1_1001111,-1.234375,-1.219677,0.012051
1_0000000_1_1101010,-0.828125,-0.822689,0.006607
1_0000100_0_1111100,0.060547,0.060910,0.005956
1_0000001_0_1110110,0.460938,0.465786,0.010410
1_0000000_1_1010000,-0.625000,-0.612207,0.020897
0_0000010_1_1010010,-2.562500,-2.517533,0.017861
1_0000001_0_1111010,0.476562,0.483096,0.013525
1_0000000_1_1100100,-0.781250,-0.779677,0.002017
1_0000000_1_1110000,-0.875000,-0.866232,0.010122
1_0000000_0_1001011,0.585938,0.590171,0.007174
1_0000001_1_1101110,-0.429688,-0.431823,0.004946
0_0000010_0_1001100,2.375000,2.377646,0.001113
1_0000010_1_1001100,-0.148438,-0.145324,0.021426
0_0000010_1_1001110,-2.437500,-2.432175,0.002190
0_0000010_0_1001000,2.250000,2.260411,0.004606
0_0000001_0_1010111,1.359375,1.356726,0.001953
0_0000001_0_1111010,1.906250,1.902268,0.002093
1_0000000_1_1001101,-0.601562,-0.594679,0.011575
1_0000001_1_1101110,-0.429688,-0.428328,0.003173
1_0000010_0_1010100,0.164062,0.165065,0.006076
0_0000001_1_1001010,-1.156250,-1.153092,0.002739
0_0000011_0_1000110,4.375000,4.416782,0.009460
0_0000001_0_1000100,1.062500,1.073143,0.009917
1_0000011_0_1110110,0.115234,0.116746,0.012952
0_0000001_0_1000011,1.046875,1.068076,0.019849
1_0000001_0_1001001,0.285156,0.288564,0.011810
1_0000001_0_1101000,0.406250,0.408508,0.005528
1_0000001_1_1010110,-0.335938,-0.335079,0.002561
0_0000010_1_1001010,-2.312500,-2.294806,0.007711
0_0000001_1_1001011,-1.171875,-1.165178,0.005747
1_0000000_0_1010010,0.640625,0.658750,0.027514
1_0000000_1_1111100,-0.968750,-0.954348,0.015091
1_0000001_1_1001011,-0.292969,-0.289972,0.010335
1_0000011_0_1001100,0.074219,0.073883,0.004538
1_0000000_0_1000001,0.507812,0.512737,0.009605
0_0000001_1_1010110,-1.343750,-1.351980,0.006087
1_0000001_1_1110110,-0.460938,-0.461496,0.001209
0_0000001_1_1001111,-1.234375,-1.222116,0.010031
1_0000010_0_1011100,0.179688,0.183460,0.020566
1_0000001_0_1110110,0.460938,0.466867,0.012700
1_0000001_0_1100010,0.382812,0.386615,0.009835
0_0000010_0_1100110,3.187500,3.196581,0.002841
0_0000001_1_1111000,-1.875000,-1.875235,0.000125
1_0000000_1_1100110,-0.796875,-0.789192,0.009736
0_0000001_0_1110110,1.843750,1.864539,0.011150
1_0000000_0_1001100,0.593750,0.595788,0.003421
0_0000001_0_1011001,1.390625,1.393795,0.002274
1_0000011_0_1111000,0.117188,0.117887,0.005930
1_0000001_1_1111110,-0.492188,-0.488035,0.008509
0_0000010_1_1000000,-2.000000,-2.001988,0.000993
1_0000000_1_1100100,-0.781250,-0.769545,0.015211
1_0000001_1_1000011,-0.261719,-0.261514,0.000783
1_0000000_0_1000000,0.500000,0.495847,0.008375
1_0000001_0_1011010,0.351562,0.354213,0.007484
1_0000000_1_1011000,-0.687500,-0.685414,0.003043
1_0000001_1_1100100,-0.390625,-0.387158,0.008955
1_0000000_0_1111100,0.968750,0.975241,0.006656
1_0000010_1_1000000,-0.125000,-0.123469,0.012397
1_0000111_0_1101000,0.006348,0.006459,0.017226
1_0000011_0_1011110,0.091797,0.092478,0.007366
0_0000101_1_1010110,-21.500000,-21.142242,0.016922
1_0000000_0_1111100,0.968750,0.977431,0.008882
0_0000001_0_1110110,1.843750,1.860204,0.008845
0_0000011_1_1010100,-5.250000,-5.221258,0.005505
0_0000001_0_1010110,1.343750,1.374122,0.022103
0_0000001_0_1101000,1.625000,1.635599,0.006480
1_0000001_0_1101100,0.421875,0.424059,0.005151
1_0000000_0_1000000,0.500000,0.503195,0.006350
1_0000010_1_1101000,-0.203125,-0.202629,0.002448
1_0000001_0_1000101,0.269531,0.268927,0.002246
1_0000001_1_1100100,-0.390625,-0.390301,0.000829
0_0000001_1_1101010,-1.656250,-1.654664,0.000958
1_0000101_1_1100100,-0.024414,-0.024342,0.002942
0_0000001_1_1001000,-1.125000,-1.122265,0.002437
0_0000001_1_1000011,-1.046875,-1.040505,0.006122
0_0000001_0_1101110,1.718750,1.748179,0.016834
0_0000001_0_1111000,1.875000,1.911752,0.019224
1_0000000_1_1100000,-0.750000,-0.755257,0.006961
1_0000000_1_1010101,-0.664062,-0.656013,0.012270
1_0000011_0_1011010,0.087891,0.089404,0.016925
0_0000010_1_1000000,-2.000000,-1.969712,0.015377
0_0000001_0_1000011,1.046875,1.053101,0.005912
1_0000000_0_1010100,0.656250,0.665390,0.013737
1_0000001_0_1111000,0.468750,0.470657,0.004052
0_0000011_1_1000100,-4.250000,-4.242323,0.001810
1_0000011_0_1111000,0.117188,0.117584,0.003376
0_0000001_1_1111000,-1.875000,-1.884712,0.005153
0_0000001_1_1101010,-1.656250,-1.623502,0.020171
0_0000001_0_1111100,1.937500,1.944759,0.003733
0_0000001_0_1011110,1.468750,1.477501,0.005923
0_0000110_0_1001110,39.000000,39.356949,0.009070
1_0000100_0_1000010,0.032227,0.032531,0.009344
0_0000001_0_1000010,1.031250,1.041775,0.010103
1_0000100_1_1100110,-0.049805,-0.049185,0.012604
0_0000001_1_1011100,-1.437500,-1.425445,0.008457
1_0000000_1_1101110,-0.859375,-0.848332,0.013017
1_0000000_1_1111110,-0.984375,-0.984848,0.000480
1_0000000_0_1000001,0.507812,0.509536,0.003383
1_0000001_0_1011000,0.343750,0.349406,0.016186
1_0000000_1_1001001,-0.570312,-0.566858,0.006094
0_0000010_0_1010101,2.656250,2.674078,0.006667
0_0000001_0_1001000,1.125000,1.136411,0.010041
1_0000000_0_1100001,0.757812,0.759768,0.002574
0_0000011_0_1001000,4.500000,4.534608,0.007632
0_0000011_0_1101110,6.875000,6.875293,0.000043
1_0000000_1_1111100,-0.968750,-0.968209,0.000559
0_0000001_0_1110110,1.843750,1.856473,0.006853
