0_0001001_1_1011011,-364.000000,-366.704407,0.007375
0_0000110_1_1011000,-44.000000,-45.713225,0.037478
0_0001001_0_1001001,292.000000,293.247933,0.004256
0_0000110_0_1110000,56.000000,55.833224,0.002987
0_0001010_1_1110000,-896.000000,-900.741386,0.005264
0_0001001_1_1110011,-460.000000,-463.303239,0.007130
0_0001000_1_1011100,-184.000000,-182.847468,0.006303
0_0001010_0_1001111,632.000000,635.053726,0.004809
0_0001001_0_1101111,444.000000,448.681402,0.010434
0_0001010_0_1111001,968.000000,973.718373,0.005873
0_0001000_0_1001010,148.000000,153.958103,0.038700
0_0001010_0_1011110,752.000000,755.641903,0.004820
0_0001001_1_1011001,-356.000000,-355.260349,0.002082
0_0001001_1_1001111,-316.000000,-316.081476,0.000258
0_0001001_0_1110011,460.000000,465.235303,0.011253
0_0001000_0_1100110,204.000000,203.524046,0.002339
0_0001000_1_1001000,-144.000000,-145.370885,0.009430
0_0001001_1_1110101,-468.000000,-472.018189,0.008513
0_0001000_1_1001001,-146.000000,-147.431648,0.009711
0_0000111_1_1011110,-94.000000,-93.626384,0.003990
0_0000111_1_1101100,-108.000000,-109.305372,0.011942
0_0001010_1_1000000,-512.000000,-515.987306,0.007728
0_0000111_1_1001000,-72.000000,-72.684507,0.009418
0_0001000_0_1100000,192.000000,195.830964,0.019563
0_0001010_1_1110011,-920.000000,-926.552704,0.007072
0_0001010_0_1001000,576.000000,581.602636,0.009633
0_0001001_0_1100011,396.000000,396.152922,0.000386
0_0000110_1_1111000,-60.000000,-58.314766,0.028899
0_0000101_0_1001000,18.000000,19.090449,0.057120
0_0001001_1_1100001,-388.000000,-387.968450,0.000081
0_0001010_1_1010100,-672.000000,-674.667194,0.003953
0_0001000_0_1110101,234.000000,235.579372,0.006704
0_0001001_0_1000101,276.000000,278.479030,0.008902
0_0001010_0_1100011,792.000000,799.170529,0.008972
0_0001000_0_1011101,186.000000,187.122430,0.005998
0_0001010_1_1010011,-664.000000,-673.252133,0.013742
0_0000111_1_1111100,-124.000000,-124.881968,0.007062
0_0000111_0_1010001,81.000000,81.954901,0.011652
0_0000111_0_1001100,76.000000,79.854915,0.048274
0_0001001_1_1010100,-336.000000,-339.532344,0.010404
0_0001010_0_1001001,584.000000,590.726223,0.011386
0_0001010_1_1100111,-824.000000,-828.423982,0.005340
0_0000111_1_1010100,-84.000000,-86.621526,0.030264
0_0001010_1_1000111,-568.000000,-571.330171,0.005829
0_0001000_1_1001000,-144.000000,-144.647763,0.004478
0_0001000_1_1110100,-232.000000,-229.058694,0.012841
0_0001010_0_1010100,672.000000,681.639739,0.014142
0_0001000_1_1100000,-192.000000,-193.246281,0.006449
0_0000110_1_1001000,-36.000000,-33.022306,0.090172
0_0001001_0_1100001,388.000000,393.072088,0.012904
0_0001001_0_1000000,256.000000,255.067891,0.003654
0_0001000_0_1000010,132.000000,134.763826,0.020509
0_0001000_1_1100110,-204.000000,-203.887958,0.000550
0_0001010_1_1100001,-776.000000,-782.930426,0.008852
0_0001010_1_1010000,-640.000000,-644.481014,0.006953
0_0001001_0_1011101,372.000000,378.021624,0.015929
0_0001010_1_1110000,-896.000000,-900.090614,0.004545
0_0001010_1_1010100,-672.000000,-680.880332,0.013042
0_0001000_1_1111100,-248.000000,-247.619309,0.001537
0_0001010_1_1011000,-704.000000,-711.508220,0.010553
0_0000110_0_1101100,54.000000,54.699462,0.012787
0_0001010_0_1010000,640.000000,646.827435,0.010555
0_0000011_1_1000000,-4.000000,-4.154441,0.037175
0_0001010_0_1100010,784.000000,787.627898,0.004606
0_0000100_1_1100000,-12.000000,-11.157521,0.075508
0_0001001_0_1001000,288.000000,290.971013,0.010211
0_0001001_1_1011000,-352.000000,-353.454531,0.004115
0_0001000_1_1111000,-240.000000,-240.058332,0.000243
0_0001000_1_1010100,-168.000000,-168.587686,0.003486
0_0001000_0_1011000,176.000000,176.608431,0.003445
0_0000101_1_1110000,-28.000000,-24.648689,0.135963
0_0001001_1_1010010,-328.000000,-332.840289,0.014542
0_0001000_1_1001100,-152.000000,-151.874404,0.000827
0_0001000_1_1001000,-144.000000,-144.157622,0.001093
0_0001010_0_1110011,920.000000,924.965313,0.005368
0_0001000_0_1101110,220.000000,223.664271,0.016383
0_0001001_0_1010000,320.000000,319.664183,0.001051
0_0001001_1_1101001,-420.000000,-423.908251,0.009220
0_0001001_0_1101111,444.000000,447.308996,0.007398
0_0001010_1_1001110,-624.000000,-630.268346,0.009946
0_0001001_0_1001111,316.000000,319.524896,0.011032
0_0001001_0_1001101,308.000000,309.287254,0.004162
0_0001000_1_1100000,-192.000000,-193.907384,0.009837
0_0000110_1_1010000,-40.000000,-40.416173,0.010297
0_0001000_0_1000100,136.000000,138.348040,0.016972
0_0000111_0_1101010,106.000000,107.644121,0.015274
0_0001001_0_1111101,500.000000,504.561321,0.009040
0_0000110_1_1011100,-46.000000,-46.327082,0.007060
0_0001000_0_1111110,252.000000,256.954726,0.019282
0_0000101_0_1110000,28.000000,25.756077,0.087122
0_0001000_0_1100110,204.000000,207.010500,0.014543
0_0001001_1_1010011,-332.000000,-329.213909,0.008463
0_0001001_1_1101001,-420.000000,-422.979587,0.007044
0_0001001_0_1111100,496.000000,499.145141,0.006301
0_0000101_1_1010000,-20.000000,-19.629098,0.018895
0_0001000_1_1011010,-180.000000,-181.140727,0.006297
0_0000111_0_1111100,124.000000,125.359713,0.010846
0_0000111_0_1011000,88.000000,90.266146,0.025105
0_0001001_0_1100000,384.000000,387.848568,0.009923
0_0001000_1_1000011,-134.000000,-134.648978,0.004820
0_0000010_0_1000000,2.000000,1.921628,0.040784
0_0001000_1_1111010,-244.000000,-242.732017,0.005224
0_0001000_0_1000110,140.000000,141.754577,0.012378
0_0000101_1_1100000,-24.000000,-25.214133,0.048153
0_0001000_0_1001110,156.000000,157.859800,0.011781
0_0001001_1_1011011,-364.000000,-366.571686,0.007016
0_0001001_1_1111111,-508.000000,-509.979886,0.003882
0_0001010_1_1011000,-704.000000,-707.657006,0.005168
0_0001010_0_1100110,816.000000,818.807079,0.003428
0_0000101_1_1001110,-19.500000,-19.255515,0.012697
0_0001000_1_1001000,-144.000000,-141.447871,0.018043
0_0000110_0_1100100,50.000000,50.799053,0.015730
0_0001010_1_1000010,-528.000000,-528.784122,0.001483
0_0000110_0_1111010,61.000000,61.200444,0.003275
0_0001000_1_1111110,-252.000000,-252.336256,0.001333
0_0000101_0_1100000,24.000000,23.900498,0.004163
0_0001001_1_1111000,-480.000000,-484.926730,0.010160
0_0000111_1_1101100,-108.000000,-107.896554,0.000959
0_0001000_1_1001001,-146.000000,-144.803682,0.008262
0_0001000_1_1110100,-232.000000,-232.254279,0.001095
0_0001001_1_1001111,-316.000000,-315.526079,0.001502
0_0001000_1_1101101,-218.000000,-217.440583,0.002573
0_0001001_0_1111011,492.000000,497.070951,0.010202
0_0001001_1_1000010,-264.000000,-263.873092,0.000481
0_0001001_0_1010101,340.000000,342.436229,0.007114
0_0000110_0_1100100,50.000000,50.072650,0.001451
0_0001001_1_1100110,-408.000000,-408.191322,0.000469
0_0001010_0_1011011,728.000000,731.157692,0.004319
0_0001001_0_1101010,424.000000,427.620338,0.008466
0_0000110_0_1101000,52.000000,50.163887,0.036602
0_0000111_1_1110010,-114.000000,-113.596774,0.003550
0_0001001_0_1001111,316.000000,322.104263,0.018951
0_0000101_1_1001000,-18.000000,-18.227387,0.012475
0_0001000_0_1011110,188.000000,188.714981,0.003789
0_0001010_1_1001110,-624.000000,-629.642907,0.008962
0_0001000_1_1011010,-180.000000,-180.880136,0.004866
0_0000111_0_1110100,116.000000,117.439029,0.012253
0_0001000_0_1110100,232.000000,234.102277,0.008980
0_0000111_1_1000000,-64.000000,-61.736245,0.036668
0_0001010_1_1011110,-752.000000,-754.809525,0.003722
0_0000101_0_1000000,16.000000,15.432008,0.036806
0_0001001_1_1100000,-384.000000,-382.746156,0.003276
0_0001000_0_1001010,148.000000,144.608787,0.023451
0_0000111_1_1010100,-84.000000,-85.686683,0.019684
0_0001001_1_1010010,-328.000000,-328.592546,0.001803
0_0001001_0_1010000,320.000000,322.853342,0.008838
0_0001010_1_1001110,-624.000000,-624.755774,0.001210
0_0001010_0_1000110,560.000000,567.545200,0.013294
0_0001001_1_1000111,-284.000000,-285.782331,0.006237
0_0000110_1_1111000,-60.000000,-59.090182,0.015397
0_0001000_0_1011110,188.000000,188.460598,0.002444
0_0000100_1_1110111,-14.875000,-14.899782,0.001663
0_0001010_0_1010011,664.000000,668.009313,0.006002
0_0001001_1_1100100,-400.000000,-405.504027,0.013573
0_0000111_1_1010000,-80.000000,-81.127994,0.013904
0_0000110_0_1110100,58.000000,58.389187,0.006665
0_0001001_0_1010001,324.000000,328.997551,0.015190
0_0001010_1_1000100,-544.000000,-544.619750,0.001138
0_0001010_0_1000011,536.000000,541.053091,0.009339
0_0001001_0_1010101,340.000000,346.675478,0.019256
0_0001001_0_1111100,496.000000,499.982527,0.007965
0_0001010_1_1001011,-600.000000,-609.706172,0.015919
0_0001000_1_1101111,-222.000000,-221.157837,0.003808
0_0001000_0_1001101,154.000000,154.928502,0.005993
0_0001010_0_1011001,712.000000,716.715765,0.006580
0_0001001_1_1011111,-380.000000,-379.556586,0.001168
0_0001000_0_1010010,164.000000,165.050628,0.006365
0_0001000_0_1001000,144.000000,146.438396,0.016651
0_0001000_0_1010100,168.000000,171.802877,0.022135
0_0000111_1_1000110,-70.000000,-70.199121,0.002837
0_0001001_1_1110110,-472.000000,-472.508186,0.001076
0_0000111_0_1100000,96.000000,97.515302,0.015539
0_0000111_1_1000100,-68.000000,-68.881896,0.012803
0_0001010_0_1000110,560.000000,563.177666,0.005642
0_0001000_0_1110010,228.000000,229.064955,0.004649
0_0001001_1_1001101,-308.000000,-307.781736,0.000709
0_0000111_0_1010010,82.000000,81.863365,0.001669
0_0001001_0_1000001,260.000000,261.653657,0.006320
0_0001010_1_1011100,-736.000000,-744.677294,0.011652
0_0001001_1_1100001,-388.000000,-390.426545,0.006215
0_0001001_0_1001001,292.000000,294.808594,0.009527
0_0001000_0_1110010,228.000000,230.300192,0.009988
0_0001010_1_1010000,-640.000000,-645.634885,0.008728
0_0000111_0_1010100,84.000000,83.037270,0.011594
0_0001001_0_1111111,508.000000,509.841827,0.003613
0_0001001_1_1000101,-276.000000,-278.046039,0.007359
0_0000111_0_1111110,126.000000,126.875605,0.006901
0_0001001_1_1111111,-508.000000,-509.095878,0.002153
0_0001010_1_1010001,-648.000000,-648.196940,0.000304
0_0001010_1_1000111,-568.000000,-565.007386,0.005297
0_0001001_0_1000110,280.000000,283.801058,0.013393
0_0000111_0_1000000,64.000000,60.995730,0.049254
0_0000011_0_1000000,4.000000,5.369497,0.255051
0_0001000_1_1001010,-148.000000,-148.663428,0.004463
0_0001001_0_1010000,320.000000,322.230693,0.006923
0_0001000_0_1001010,148.000000,149.473745,0.009860
0_0000011_1_1000000,-4.000000,-3.616665,0.105991
0_0001000_0_1111000,240.000000,239.362726,0.002662
0_0001010_1_1010001,-648.000000,-651.336555,0.005123
0_0001010_1_1011001,-712.000000,-715.178894,0.004445
0_0001010_1_1001000,-576.000000,-582.143312,0.010553
0_0000111_1_1101100,-108.000000,-107.421020,0.005390
0_0001010_1_1001010,-592.000000,-593.935047,0.003258
0_0001010_0_1101011,856.000000,862.779652,0.007858
0_0001001_1_1111000,-480.000000,-481.446511,0.003005
0_0001010_0_1101010,848.000000,855.133729,0.008342
0_0001010_1_1001001,-584.000000,-587.192233,0.005436
0_0001010_0_1011100,736.000000,742.557264,0.008831
0_0001010_0_1101001,840.000000,844.054851,0.004804
0_0001010_0_1011100,736.000000,740.803809,0.006485
0_0001001_0_1011110,376.000000,380.820261,0.012658
0_0001001_1_1011100,-368.000000,-367.805168,0.000530
0_0001010_0_1011100,736.000000,742.698155,0.009019
0_0001000_1_1000110,-140.000000,-138.774842,0.008828
0_0001001_0_1100110,408.000000,413.012305,0.012136
0_0001010_1_1001101,-616.000000,-620.152170,0.006695
0_0001010_1_1101000,-832.000000,-835.220885,0.003856
0_0001000_0_1101100,216.000000,216.787684,0.003633
0_0000110_0_1101010,53.000000,53.669030,0.012466
0_0000111_1_1100100,-100.000000,-100.316943,0.003159
0_0001000_1_1011000,-176.000000,-178.009625,0.011289
0_0001001_1_1011000,-352.000000,-354.367221,0.006680
0_0001001_1_1000001,-260.000000,-261.551655,0.005932
0_0001001_1_1001000,-288.000000,-285.963266,0.007122
0_0001000_0_1001110,156.000000,156.894302,0.005700
0_0000011_0_1000000,4.000000,4.104034,0.025349
0_0001001_0_1011111,380.000000,384.349644,0.011317
0_0001000_1_1111000,-240.000000,-243.247237,0.013350
0_0001010_0_1001100,608.000000,612.738903,0.007734
0_0001000_0_1100011,198.000000,198.619238,0.003118
0_0001001_1_1010010,-328.000000,-325.193536,0.008630
0_0001010_0_1100000,768.000000,774.703446,0.008653
0_0001001_0_1000001,260.000000,263.093472,0.011758
0_0001010_1_1001101,-616.000000,-618.228321,0.003604
0_0001010_1_1000111,-568.000000,-569.103233,0.001939
0_0001001_1_1010111,-348.000000,-347.724853,0.000791
0_0001000_0_1001000,144.000000,143.656816,0.002389
0_0001001_0_1110100,464.000000,464.539395,0.001161
0_0000111_1_1101100,-108.000000,-108.652028,0.006001
0_0001000_0_1000000,128.000000,126.791672,0.009530
0_0001010_0_1010010,656.000000,660.944610,0.007481
0_0001001_0_1001000,288.000000,289.979689,0.006827
0_0000011_1_1000000,-4.000000,-4.293027,0.068256
0_0001010_0_1100111,824.000000,828.884568,0.005893
0_0000111_1_1001100,-76.000000,-77.843431,0.023681
0_0001001_0_1100101,404.000000,405.759652,0.004337
0_0001010_1_1000100,-544.000000,-544.415879,0.000764
0_0000111_1_1000000,-64.000000,-64.413571,0.006421
0_0001010_0_1100100,800.000000,806.567032,0.008142
0_0001001_0_1111011,492.000000,495.999455,0.008063
0_0001010_0_1001111,632.000000,643.331735,0.017614
0_0000110_1_1000000,-32.000000,-32.304226,0.009418
0_0000110_1_1011101,-46.500000,-46.233383,0.005767
0_0001000_0_1111100,248.000000,250.426192,0.009688
0_0000111_0_1100100,100.000000,105.033232,0.047920
0_0001000_0_1000000,128.000000,128.078798,0.000615
0_0000111_0_1010000,80.000000,81.017698,0.012561
0_0001010_0_1101111,888.000000,890.649338,0.002975
0_0001010_0_1010101,680.000000,686.050300,0.008819
0_0001000_1_1001100,-152.000000,-152.789191,0.005165
0_0001000_0_1111110,252.000000,257.886287,0.022825
0_0001010_0_1100010,784.000000,787.440745,0.004370
0_0000111_0_1100000,96.000000,97.346384,0.013831
0_0000110_0_1101000,52.000000,49.401998,0.052589
0_0001000_1_1011000,-176.000000,-175.919226,0.000459
0_0000110_1_1100000,-48.000000,-49.356725,0.027488
0_0001001_1_1001000,-288.000000,-286.692955,0.004559
0_0001001_0_1000111,284.000000,287.243955,0.011293
0_0001001_1_1100111,-412.000000,-414.798626,0.006747
0_0001001_1_1010100,-336.000000,-338.472989,0.007306
0_0001001_1_1101011,-428.000000,-429.403289,0.003268
0_0000111_1_1101110,-110.000000,-110.901121,0.008125
0_0001010_0_1011000,704.000000,713.067421,0.012716
0_0001010_0_1000010,528.000000,533.780316,0.010829
0_0000110_0_1111010,61.000000,61.852199,0.013778
0_0001010_0_1010000,640.000000,642.940518,0.004574
0_0001010_1_1011000,-704.000000,-709.439478,0.007667
0_0001010_1_1010011,-664.000000,-673.994644,0.014829
0_0000110_1_1101000,-52.000000,-55.377060,0.060983
0_0001000_0_1011000,176.000000,177.134384,0.006404
0_0001010_1_1001101,-616.000000,-623.137362,0.011454
0_0001010_0_1011111,760.000000,765.182261,0.006773
0_0000101_1_1100000,-24.000000,-25.480877,0.058117
0_0001010_1_1001000,-576.000000,-577.404762,0.002433
0_0000110_1_1000000,-32.000000,-31.758438,0.007606
0_0001001_0_1000001,260.000000,263.361781,0.012765
0_0000111_1_1110100,-116.000000,-114.424276,0.013771
0_0001001_0_1000000,256.000000,258.586152,0.010001
0_0000100_1_1100000,-12.000000,-11.307283,0.061263
0_0001001_0_1000010,264.000000,269.204291,0.019332
0_0001001_1_1101111,-444.000000,-444.497555,0.001119
0_0001010_1_1001101,-616.000000,-621.696749,0.009163
0_0001010_1_1000000,-512.000000,-517.883530,0.011361
0_0001000_0_1010000,160.000000,160.932050,0.005792
0_0001000_0_1100000,192.000000,189.190839,0.014848
0_0001000_0_1100010,196.000000,197.740923,0.008804
0_0001001_1_1011101,-372.000000,-373.621795,0.004341
0_0001001_1_1000000,-256.000000,-257.482874,0.005759
0_0001001_0_1011111,380.000000,383.532811,0.009211
0_0001001_0_1110000,448.000000,451.355577,0.007434
0_0000011_1_1110000,-7.000000,-6.423048,0.089825
0_0000101_0_1010000,20.000000,20.159247,0.007899
0_0001000_1_1011000,-176.000000,-176.510974,0.002895
0_0001001_1_1000011,-268.000000,-270.756382,0.010180
0_0001001_1_1001110,-312.000000,-314.915847,0.009259
0_0001001_1_1010010,-328.000000,-329.849536,0.005607
0_0000110_1_1111100,-62.000000,-61.837365,0.002630
0_0001001_1_1010100,-336.000000,-337.943210,0.005750
0_0000110_0_1111010,61.000000,61.446704,0.007270
0_0001001_1_1011011,-364.000000,-363.786689,0.000586
0_0001001_0_1001011,300.000000,302.569486,0.008492
0_0001000_0_1100111,206.000000,208.119148,0.010182
0_0000100_0_1000000,8.000000,6.939753,0.152779
0_0001010_1_1000100,-544.000000,-540.729036,0.006049
0_0000111_1_1101100,-108.000000,-109.596747,0.014569
0_0001000_1_1111110,-252.000000,-251.548953,0.001793
0_0001000_1_1111100,-248.000000,-248.580932,0.002337
0_0001001_1_1110011,-460.000000,-458.809744,0.002594
0_0001010_1_1001100,-608.000000,-612.943958,0.008066
0_0001001_0_1000011,268.000000,269.429891,0.005307
0_0001001_0_1101101,436.000000,438.905696,0.006620
0_0001001_0_1000000,256.000000,260.815481,0.018463
0_0001001_0_1100010,392.000000,395.999512,0.010100
0_0000100_0_1100000,12.000000,13.563412,0.115267
0_0001000_0_1111010,244.000000,248.710537,0.018940
0_0001010_0_1000000,512.000000,513.801174,0.003506
0_0001001_0_1001010,296.000000,298.673012,0.008950
0_0001001_0_1010010,328.000000,331.059616,0.009242
0_0001000_1_1111110,-252.000000,-251.978735,0.000084
0_0001001_1_1011011,-364.000000,-363.848129,0.000417
0_0001000_1_1011101,-186.000000,-186.797640,0.004270
0_0001001_1_1000010,-264.000000,-263.037079,0.003661
0_0001010_1_1001100,-608.000000,-613.833987,0.009504
0_0001000_0_1110111,238.000000,241.187538,0.013216
0_0001010_0_1101011,856.000000,857.930492,0.002250
0_0001001_1_1110011,-460.000000,-460.688187,0.001494
0_0001001_1_1010101,-340.000000,-339.137097,0.002544
0_0001001_0_1010010,328.000000,333.529161,0.016578
0_0001001_1_1101110,-440.000000,-437.348161,0.006063
0_0001001_0_1110101,468.000000,470.535680,0.005389
0_0000011_0_1000000,4.000000,6.508093,0.385381
0_0001001_0_1101011,428.000000,432.563380,0.010550
0_0001001_1_1110110,-472.000000,-473.529050,0.003229
0_0001001_1_1100110,-408.000000,-411.095487,0.007530
0_0001001_1_1000111,-284.000000,-281.253501,0.009765
0_0001000_1_1011111,-190.000000,-189.908520,0.000482
0_0001001_1_1000111,-284.000000,-281.656869,0.008319
0_0001010_1_1101101,-872.000000,-878.900393,0.007851
0_0001001_1_1110100,-464.000000,-468.519805,0.009647
0_0001010_1_1100111,-824.000000,-831.298814,0.008780
0_0000111_1_1000110,-70.000000,-69.946669,0.000762
0_0000101_0_1110000,28.000000,28.202362,0.007175
0_0001001_1_1100010,-392.000000,-392.357053,0.000910
0_0001000_0_1001100,152.000000,152.550154,0.003606
0_0001000_0_1111010,244.000000,247.952689,0.015941
0_0001001_1_1100011,-396.000000,-394.699109,0.003296
0_0001000_1_1001111,-158.000000,-158.151506,0.000958
0_0000111_1_1101010,-106.000000,-106.048706,0.000459
0_0001000_0_1110000,224.000000,228.687513,0.020497
0_0001010_1_1101100,-864.000000,-872.283550,0.009496
0_0001000_1_1011000,-176.000000,-177.722569,0.009692
0_0001000_1_1010010,-164.000000,-163.598186,0.002456
0_0001000_1_1001110,-156.000000,-156.410083,0.002622
0_0001001_0_1100000,384.000000,387.821193,0.009853
0_0001001_0_1000001,260.000000,263.866486,0.014653
0_0001010_0_1011101,744.000000,751.734113,0.010288
0_0001000_1_1001100,-152.000000,-150.777894,0.008105
0_0001000_0_1101110,220.000000,220.946676,0.004285
0_0001010_1_1010000,-640.000000,-648.282392,0.012776
0_0000110_0_1000000,32.000000,32.939644,0.028526
0_0001010_1_1001111,-632.000000,-636.442770,0.006981
0_0000111_0_1011100,92.000000,90.931881,0.011746
0_0001000_1_1111110,-252.000000,-253.520439,0.005997
0_0001000_0_1000110,140.000000,145.094769,0.035113
0_0001010_0_1001000,576.000000,580.993920,0.008595
0_0001000_0_1000011,134.000000,135.170023,0.008656
0_0001010_0_1001000,576.000000,578.533664,0.004379
0_0001000_1_1011100,-184.000000,-183.362078,0.003479
0_0001000_0_1010010,164.000000,165.477576,0.008929
0_0000110_0_1010000,40.000000,41.435833,0.034652
0_0001001_1_1110101,-468.000000,-470.461559,0.005232
0_0001001_0_1101001,420.000000,422.478275,0.005866
0_0001000_1_1111000,-240.000000,-241.454805,0.006025
0_0001010_0_1000101,552.000000,560.922587,0.015907
0_0001010_1_1100101,-808.000000,-808.698796,0.000864
0_0001010_1_1010001,-648.000000,-651.257987,0.005003
0_0001010_1_1011101,-744.000000,-746.857372,0.003826
0_0001010_1_1100000,-768.000000,-774.161352,0.007959
0_0001001_0_1011110,376.000000,380.428515,0.011641
0_0001000_0_1001100,152.000000,153.152856,0.007527
0_0001010_0_1010001,648.000000,654.472976,0.009890
0_0001001_1_1010001,-324.000000,-324.922124,0.002838
0_0001001_0_1101000,416.000000,419.474301,0.008283
0_0001000_1_1010011,-166.000000,-165.834241,0.001000
0_0001000_1_1110110,-236.000000,-234.984587,0.004321
0_0001000_0_1111001,242.000000,243.491488,0.006125
0_0001001_0_1100100,400.000000,403.622441,0.008975
0_0001001_1_1000101,-276.000000,-278.050183,0.007373
0_0001001_1_1110111,-476.000000,-476.645935,0.001355
0_0000111_1_1111000,-120.000000,-120.864338,0.007151
0_0001001_0_1111110,504.000000,508.886854,0.009603
0_0001010_1_1100110,-816.000000,-817.470302,0.001799
0_0000100_1_1000000,-8.000000,-7.005914,0.141892
0_0000111_0_1110101,117.000000,118.632592,0.013762
0_0001001_1_1011111,-380.000000,-383.239128,0.008452
0_0001010_0_1000110,560.000000,562.065701,0.003675
0_0001001_1_1011011,-364.000000,-365.792086,0.004899
0_0000111_1_1010100,-84.000000,-83.740510,0.003099
0_0001000_1_1110100,-232.000000,-234.566412,0.010941
0_0001001_1_1110100,-464.000000,-464.686711,0.001478
0_0001000_0_1111010,244.000000,246.947684,0.011936
0_0001000_1_1001001,-146.000000,-146.398496,0.002722
0_0000111_1_1101100,-108.000000,-108.611959,0.005634
0_0001000_1_1100010,-196.000000,-193.925717,0.010696
0_0001010_0_1011010,720.000000,728.395211,0.011526
0_0001001_0_1010100,336.000000,340.165697,0.012246
0_0001000_1_1010010,-164.000000,-163.625851,0.002287
0_0001001_0_1011100,368.000000,371.757531,0.010107
0_0000111_1_1110110,-118.000000,-118.869475,0.007315
0_0001001_1_1110100,-464.000000,-462.403463,0.003453
0_0001001_1_1001001,-292.000000,-290.743070,0.004323
0_0000111_1_1011000,-88.000000,-89.899703,0.021131
0_0000110_0_1101000,52.000000,54.242276,0.041338
0_0001001_1_1000001,-260.000000,-259.527099,0.001822
0_0001001_0_1010110,344.000000,345.245642,0.003608
0_0000110_1_1010000,-40.000000,-39.993506,0.000162
0_0000111_1_1011110,-94.000000,-93.193393,0.008655
0_0001001_0_1110000,448.000000,450.811067,0.006236
0_0001001_0_1011101,372.000000,376.815071,0.012778
0_0001001_0_1001110,312.000000,315.235685,0.010264
0_0001010_0_1100100,800.000000,804.331818,0.005386
0_0001001_0_1011110,376.000000,376.281031,0.000747
0_0001001_0_1010001,324.000000,328.398829,0.013395
0_0001001_0_1011111,380.000000,381.175101,0.003083
0_0001001_1_1100110,-408.000000,-411.315894,0.008062
0_0001000_1_1100000,-192.000000,-191.669820,0.001723
0_0001010_0_1100110,816.000000,824.034043,0.009750
0_0001001_0_1110011,460.000000,461.849649,0.004005
0_0001001_0_1010111,348.000000,351.417104,0.009724
0_0001000_1_1110100,-232.000000,-228.286268,0.016268
0_0001010_1_1000011,-536.000000,-538.401602,0.004461
0_0000111_1_1101100,-108.000000,-110.196838,0.019936
0_0001000_1_1010010,-164.000000,-162.550234,0.008919
0_0000011_1_1000000,-4.000000,-4.084339,0.020649
0_0001010_0_1110010,912.000000,920.499831,0.009234
0_0000110_0_1110000,56.000000,57.662053,0.028824
0_0001001_1_1001100,-304.000000,-303.747041,0.000833
0_0001001_1_1101100,-432.000000,-434.144913,0.004941
0_0001000_0_1011111,190.000000,193.071076,0.015906
0_0001000_1_1100100,-200.000000,-198.628428,0.006905
0_0001001_1_1001100,-304.000000,-300.819671,0.010572
0_0001010_1_1010111,-696.000000,-702.070426,0.008646
0_0001000_0_1011001,178.000000,179.624213,0.009042
0_0001001_0_1011011,364.000000,365.790734,0.004896
0_0000111_1_1000000,-64.000000,-60.080067,0.065245
0_0001001_0_1011010,360.000000,362.858035,0.007876
0_0001010_1_1110011,-920.000000,-921.987863,0.002156
0_0000111_1_1001000,-72.000000,-73.693632,0.022982
0_0001001_0_1011111,380.000000,383.218945,0.008400
0_0001001_1_1111101,-500.000000,-499.729984,0.000540
0_0001001_0_1111000,480.000000,484.499386,0.009287
0_0001001_0_1000110,280.000000,281.924267,0.006825
0_0001001_1_1011010,-360.000000,-361.217591,0.003371
0_0001000_1_1000000,-128.000000,-125.624190,0.018912
0_0001000_0_1001111,158.000000,160.283361,0.014246
0_0000111_0_1001010,74.000000,75.287714,0.017104
0_0001001_1_1101010,-424.000000,-425.543074,0.003626
0_0000111_0_1001000,72.000000,72.549740,0.007577
0_0000101_0_1110000,28.000000,26.495031,0.056802
0_0001010_0_1100010,784.000000,790.165908,0.007803
0_0000111_0_1010100,84.000000,87.531185,0.040342
0_0001010_1_1101001,-840.000000,-843.098501,0.003675
0_0000111_0_1100000,96.000000,96.419741,0.004353
0_0001010_0_1010011,664.000000,669.171845,0.007729
0_0001010_0_1010000,640.000000,644.700770,0.007291
0_0001001_0_1010011,332.000000,332.987552,0.002966
0_0001000_1_1100100,-200.000000,-199.043402,0.004806
0_0001001_1_1110110,-472.000000,-469.936519,0.004391
0_0001010_0_1011100,736.000000,745.638162,0.012926
0_0001010_0_1010001,648.000000,653.632654,0.008617
0_0000110_1_1011000,-44.000000,-44.328497,0.007411
0_0001001_1_1011110,-376.000000,-377.644451,0.004354
0_0001000_1_1100000,-192.000000,-191.283145,0.003748
0_0001001_1_1011000,-352.000000,-356.050375,0.011376
0_0001000_1_1110010,-228.000000,-225.079862,0.012974
0_0000111_1_1101100,-108.000000,-106.572704,0.013393
0_0000111_1_1000000,-64.000000,-63.368756,0.009961
0_0001010_1_1110110,-944.000000,-949.544667,0.005839
0_0000010_1_1000000,-2.000000,-3.049315,0.344115
0_0001001_1_1100001,-388.000000,-391.459428,0.008837
0_0001010_0_1000110,560.000000,567.950610,0.013999
0_0000100_0_1000000,8.000000,10.062296,0.204953
0_0001010_0_1010001,648.000000,652.193961,0.006431
0_0001001_1_1001001,-292.000000,-292.379661,0.001299
0_0000110_0_1011000,44.000000,47.222683,0.068244
0_0000111_1_1011000,-88.000000,-86.338364,0.019246
0_0000100_1_1011100,-11.500000,-11.698511,0.016969
0_0001001_0_1000100,272.000000,278.286513,0.022590
0_0000101_1_1110000,-28.000000,-27.482347,0.018836
0_0000110_0_1010000,40.000000,39.548199,0.011424
0_0001000_0_1110010,228.000000,233.336538,0.022871
0_0001010_0_1000101,552.000000,555.846150,0.006919
0_0001010_0_1000100,544.000000,553.100507,0.016454
0_0001000_1_1011100,-184.000000,-185.697597,0.009142
0_0001000_1_1000100,-136.000000,-136.734432,0.005371
0_0001001_0_1001011,300.000000,300.636471,0.002117
0_0001001_0_1010101,340.000000,344.001705,0.011633
0_0001000_0_1000000,128.000000,128.433943,0.003379
0_0001000_0_1111100,248.000000,250.536721,0.010125
0_0001000_0_1110011,230.000000,231.976757,0.008521
0_0001001_0_1010101,340.000000,343.451899,0.010051
0_0001001_1_1011101,-372.000000,-370.844844,0.003115
0_0001000_0_1111010,244.000000,245.126309,0.004595
0_0001001_1_1100100,-400.000000,-402.070755,0.005150
0_0001000_1_1011110,-188.000000,-188.137017,0.000728
0_0001010_1_1001000,-576.000000,-576.366223,0.000635
0_0001001_0_1111101,500.000000,505.058991,0.010017
0_0001010_0_1001110,624.000000,626.366888,0.003779
0_0001010_0_1010101,680.000000,684.378302,0.006397
0_0001010_1_1100011,-792.000000,-799.786030,0.009735
0_0001010_0_1100100,800.000000,809.942437,0.012275
0_0000111_0_1111001,121.000000,122.162579,0.009517
0_0001000_1_1110111,-238.000000,-239.583412,0.006609
0_0001001_1_1000000,-256.000000,-257.972994,0.007648
0_0001010_0_1001110,624.000000,627.512937,0.005598
0_0001001_1_1000110,-280.000000,-278.530218,0.005277
0_0001001_0_1110111,476.000000,480.381670,0.009121
0_0001010_0_1110000,896.000000,902.199774,0.006872
0_0000011_0_1000000,4.000000,4.664587,0.142475
0_0000111_0_1010000,80.000000,81.411024,0.017332
0_0001001_1_1101001,-420.000000,-420.574438,0.001366
0_0001010_0_1000011,536.000000,538.108804,0.003919
0_0001010_0_1001011,600.000000,602.655918,0.004407
0_0001001_1_1000000,-256.000000,-257.606786,0.006237
0_0001010_0_1001111,632.000000,636.066994,0.006394
0_0000111_1_1010010,-82.000000,-82.150242,0.001829
0_0001000_1_1000000,-128.000000,-129.200886,0.009295
0_0001000_0_1101000,208.000000,209.007361,0.004820
0_0001001_0_1100111,412.000000,415.088811,0.007441
0_0001010_1_1000110,-560.000000,-564.042032,0.007166
0_0001001_1_1111001,-484.000000,-484.867112,0.001788
0_0001001_1_1001001,-292.000000,-291.093865,0.003113
0_0001001_0_1010110,344.000000,346.010094,0.005809
0_0001000_0_1111110,252.000000,257.425975,0.021078
0_0000111_1_1110000,-112.000000,-113.375247,0.012130
0_0000110_1_1000000,-32.000000,-32.002977,0.000093
0_0000111_1_1100010,-98.000000,-97.118102,0.009081
0_0001001_1_1101100,-432.000000,-435.446495,0.007915
0_0001010_1_1001110,-624.000000,-624.810078,0.001297
0_0001000_0_1011000,176.000000,179.778798,0.021019
0_0001000_0_1001010,148.000000,149.328017,0.008893
0_0000110_1_1000000,-32.000000,-32.684560,0.020944
0_0001001_1_1011110,-376.000000,-375.084461,0.002441
0_0001001_1_1010111,-348.000000,-344.458130,0.010282
0_0001000_1_1111011,-246.000000,-246.315759,0.001282
0_0000111_0_1110100,116.000000,120.296629,0.035717
0_0001001_0_1100001,388.000000,392.849747,0.012345
0_0000101_0_1000000,16.000000,15.719393,0.017851
0_0001000_0_1000110,140.000000,143.155811,0.022045
0_0001000_1_1110010,-228.000000,-226.065324,0.008558
0_0001010_0_1001111,632.000000,638.123819,0.009597
0_0000111_1_1011100,-92.000000,-90.314575,0.018662
0_0001000_1_1011010,-180.000000,-179.721369,0.001550
0_0001001_0_1000100,272.000000,274.302947,0.008396
0_0001001_1_1110010,-456.000000,-455.298982,0.001540
0_0001001_1_1011101,-372.000000,-371.600398,0.001075
0_0001001_0_1101110,440.000000,444.607177,0.010362
0_0001001_0_1001110,312.000000,313.168698,0.003732
0_0001001_1_1000001,-260.000000,-263.365183,0.012778
0_0001000_1_1010100,-168.000000,-169.243635,0.007348
0_0001001_1_1011111,-380.000000,-379.723816,0.000727
0_0000110_1_1110000,-56.000000,-54.681864,0.024106
0_0001010_1_1000001,-520.000000,-521.633848,0.003132
0_0000110_0_1110000,56.000000,57.400030,0.024391
0_0001001_0_1000110,280.000000,281.267428,0.004506
0_0001010_0_1100000,768.000000,775.341960,0.009469
0_0001010_0_1001101,616.000000,620.207478,0.006784
0_0001000_0_1111100,248.000000,249.772391,0.007096
0_0000100_0_1101000,13.000000,12.969226,0.002373
0_0001001_0_1100001,388.000000,392.608516,0.011738
0_0001001_1_1010111,-348.000000,-346.663721,0.003855
0_0001000_0_1001000,144.000000,144.754236,0.005210
0_0001010_1_1000011,-536.000000,-541.381760,0.009941
0_0001000_1_1010100,-168.000000,-166.327285,0.010057
0_0000111_1_1010000,-80.000000,-80.289829,0.003610
0_0001001_0_1100100,400.000000,402.197180,0.005463
0_0001001_0_1111010,488.000000,490.743979,0.005591
0_0001000_1_1110010,-228.000000,-229.946456,0.008465
0_0001010_0_1000100,544.000000,547.691891,0.006741
0_0001001_0_1011101,372.000000,374.880256,0.007683
0_0000111_1_1001100,-76.000000,-76.563240,0.007357
0_0001000_0_1110001,226.000000,227.221765,0.005377
0_0001000_1_1000010,-132.000000,-131.150399,0.006478
0_0001000_1_1001010,-148.000000,-149.284789,0.008606
0_0001001_0_1001000,288.000000,292.455704,0.015235
0_0001001_0_1010101,340.000000,340.742159,0.002178
0_0001000_1_1011000,-176.000000,-173.108832,0.016701
0_0001001_1_1101101,-436.000000,-437.952924,0.004459
0_0000110_0_1001111,39.500000,40.220276,0.017908
0_0000111_0_1111100,124.000000,123.470481,0.004289
0_0001001_0_1100100,400.000000,403.525757,0.008737
0_0001000_0_1110010,228.000000,230.715249,0.011769
0_0000101_1_1010000,-20.000000,-21.010601,0.048100
0_0001000_1_1001111,-158.000000,-159.832014,0.011462
0_0001000_0_1001100,152.000000,153.404923,0.009158
0_0001000_1_1011010,-180.000000,-180.683441,0.003783
0_0001000_0_1010010,164.000000,166.314137,0.013914
0_0000111_0_1000000,64.000000,66.803080,0.041960
0_0001001_0_1000010,264.000000,266.497454,0.009371
0_0001010_0_1000110,560.000000,564.365290,0.007735
0_0001010_0_1000111,568.000000,570.951212,0.005169
0_0000101_0_1010000,20.000000,21.052384,0.049989
0_0001010_1_1001111,-632.000000,-636.876181,0.007656
0_0001010_1_1000001,-520.000000,-522.011405,0.003853
0_0001010_0_1001100,608.000000,613.874584,0.009570
0_0001010_1_1000101,-552.000000,-555.520234,0.006337
0_0001001_1_1101110,-440.000000,-443.034496,0.006849
0_0001001_0_1111010,488.000000,491.995846,0.008122
0_0001001_1_1000000,-256.000000,-256.232281,0.000907
0_0000100_0_1101000,13.000000,12.820698,0.013985
0_0000111_1_1100000,-96.000000,-97.803796,0.018443
0_0001001_0_1010011,332.000000,335.248878,0.009691
0_0001010_1_1010000,-640.000000,-642.303404,0.003586
0_0001001_0_1011100,368.000000,370.179738,0.005888
0_0000111_1_1111100,-124.000000,-122.661387,0.010913
0_0001000_1_1011000,-176.000000,-172.813546,0.018439
0_0001000_0_1111100,248.000000,250.545614,0.010160
0_0000111_1_1110100,-116.000000,-117.152100,0.009834
0_0001000_1_1011000,-176.000000,-175.757503,0.001380
0_0000111_1_1011000,-88.000000,-88.311115,0.003523
0_0001010_1_1100110,-816.000000,-819.285215,0.004010
0_0001010_1_1011111,-760.000000,-769.691634,0.012592
0_0001010_0_1010011,664.000000,671.038916,0.010490
0_0001000_0_1110110,236.000000,237.387477,0.005845
0_0000111_1_1100100,-100.000000,-100.144380,0.001442
0_0001010_0_1001110,624.000000,633.942649,0.015684
0_0001010_0_1100100,800.000000,805.583053,0.006930
0_0001000_0_1011111,190.000000,190.694287,0.003641
0_0001001_1_1100000,-384.000000,-384.644410,0.001675
0_0001010_0_1010011,664.000000,669.319959,0.007948
0_0000111_1_1100000,-96.000000,-99.178945,0.032053
0_0000111_1_1110100,-116.000000,-116.868993,0.007436
0_0000110_1_1101000,-52.000000,-52.893629,0.016895
0_0001010_1_1100110,-816.000000,-818.770768,0.003384
0_0001001_0_1100010,392.000000,395.940799,0.009953
0_0001001_1_1111010,-488.000000,-488.204125,0.000418
0_0001000_1_1010110,-172.000000,-173.929097,0.011091
0_0001001_1_1000000,-256.000000,-255.238231,0.002985
0_0001010_0_1101100,864.000000,872.143387,0.009337
0_0001001_1_1111110,-504.000000,-504.598681,0.001186
0_0000011_1_1000000,-4.000000,-7.131316,0.439094
0_0000101_0_1110000,28.000000,28.767613,0.026683
0_0000110_0_1000000,32.000000,35.037264,0.086687
0_0001001_0_1110011,460.000000,462.243694,0.004854
0_0001001_1_1001010,-296.000000,-295.567175,0.001464
0_0001000_1_1101010,-212.000000,-212.066867,0.000315
0_0001000_0_1110001,226.000000,226.933672,0.004114
0_0001001_1_1101101,-436.000000,-437.212605,0.002773
0_0001000_1_1111100,-248.000000,-246.941039,0.004288
0_0001010_0_1100011,792.000000,796.707249,0.005908
0_0001000_0_1101110,220.000000,220.923757,0.004181
0_0001001_0_1011010,360.000000,358.595265,0.003917
0_0001010_1_1000001,-520.000000,-522.742704,0.005247
0_0001001_1_1001100,-304.000000,-303.032685,0.003192
0_0001000_0_1010000,160.000000,161.926488,0.011897
0_0001010_1_1010110,-688.000000,-696.047621,0.011562
0_0001001_1_1101010,-424.000000,-427.731079,0.008723
0_0001010_1_1010000,-640.000000,-642.630246,0.004093
0_0001010_0_1001110,624.000000,628.018068,0.006398
0_0001010_1_1011110,-752.000000,-758.422266,0.008468
0_0000111_1_1011010,-90.000000,-89.819034,0.002015
0_0001001_1_1001100,-304.000000,-306.755058,0.008981
0_0001001_1_1100001,-388.000000,-388.940405,0.002418
0_0000111_1_1110110,-118.000000,-117.853607,0.001242
0_0001000_0_1000110,140.000000,141.652001,0.011662
0_0000110_1_1110000,-56.000000,-56.095330,0.001699
0_0000111_0_1100100,100.000000,102.154887,0.021094
0_0000101_0_1110100,29.000000,28.930440,0.002404
0_0001000_1_1111000,-240.000000,-241.540572,0.006378
0_0001010_1_1100001,-776.000000,-779.457525,0.004436
0_0001000_0_1110010,228.000000,227.203289,0.003507
0_0001010_0_1000010,528.000000,535.305288,0.013647
0_0001010_0_1001010,592.000000,600.469745,0.014105
0_0000011_1_1000000,-4.000000,-3.807425,0.050579
0_0001010_1_1100100,-800.000000,-808.439746,0.010440
0_0001010_0_1100000,768.000000,770.309530,0.002998
0_0001010_0_1000000,512.000000,519.185807,0.013841
0_0001001_0_1010001,324.000000,326.168880,0.006650
0_0001001_0_1111100,496.000000,501.412682,0.010795
0_0001001_1_1101110,-440.000000,-439.877331,0.000279
0_0001010_0_1011010,720.000000,726.363870,0.008761
0_0000011_0_1000000,4.000000,4.339690,0.078275
0_0001010_1_1010111,-696.000000,-700.405883,0.006290
0_0001001_1_1111010,-488.000000,-490.183166,0.004454
0_0001000_0_1010011,166.000000,167.756979,0.010473
0_0001010_1_1001100,-608.000000,-618.861518,0.017551
0_0001000_1_1011101,-186.000000,-184.713050,0.006967
0_0001001_1_1101101,-436.000000,-437.088071,0.002489
0_0000111_0_1001000,72.000000,75.651382,0.048266
0_0001000_1_1001010,-148.000000,-149.975440,0.013172
0_0000111_1_1011100,-92.000000,-90.875552,0.012373
0_0001001_0_1000100,272.000000,277.116215,0.018462
0_0000101_1_1010100,-21.000000,-21.158243,0.007479
0_0001010_0_1001011,600.000000,607.753931,0.012758
0_0001001_0_1001101,308.000000,314.215666,0.019782
0_0000100_0_1100000,12.000000,12.530200,0.042314
0_0000111_0_1010001,81.000000,81.910687,0.011118
0_0001000_0_1110110,236.000000,237.534190,0.006459
0_0001000_0_1110111,238.000000,240.585708,0.010748
0_0001001_1_1011101,-372.000000,-373.529587,0.004095
0_0001010_0_1011010,720.000000,727.262139,0.009986
0_0001000_0_1011011,182.000000,182.961266,0.005254
0_0001001_1_1001001,-292.000000,-292.534874,0.001828
0_0001001_0_1000000,256.000000,257.952748,0.007570
0_0001000_1_1100110,-204.000000,-205.291052,0.006289
0_0001001_0_1111100,496.000000,500.919971,0.009822
0_0001010_0_1001110,624.000000,627.369856,0.005371
0_0000110_0_1011000,44.000000,47.194825,0.067694
0_0001010_0_1110111,952.000000,955.200920,0.003351
0_0001010_1_1101111,-888.000000,-892.114376,0.004612
0_0001000_1_1100010,-196.000000,-195.175281,0.004226
0_0001001_0_1110110,472.000000,478.248902,0.013066
0_0000100_0_1110000,14.000000,12.628252,0.108625
0_0001000_0_1010010,164.000000,165.932968,0.011649
0_0000110_0_1110100,58.000000,58.305513,0.005240
0_0001010_0_1010010,656.000000,664.371621,0.012601
0_0001010_0_1110001,904.000000,912.395214,0.009201
0_0001010_0_1010000,640.000000,646.496358,0.010049
0_0000110_1_1110000,-56.000000,-57.512141,0.026293
0_0001001_1_1111001,-484.000000,-485.458893,0.003005
0_0001001_0_1010110,344.000000,347.638231,0.010466
0_0001001_1_1101011,-428.000000,-429.063777,0.002479
0_0001001_0_1100011,396.000000,400.732659,0.011810
0_0001010_0_1010101,680.000000,687.441171,0.010824
0_0001010_0_1001110,624.000000,625.726532,0.002759
0_0000111_1_1100000,-96.000000,-95.149359,0.008940
0_0001001_1_1001011,-300.000000,-297.820130,0.007319
0_0000100_0_1000000,8.000000,6.529871,0.225139
0_0001001_1_1010101,-340.000000,-341.661696,0.004864
0_0001001_0_1100001,388.000000,391.925979,0.010017
0_0001010_1_1010100,-672.000000,-679.695971,0.011323
0_0000111_0_1100110,102.000000,103.143930,0.011091
0_0001000_0_1000110,140.000000,139.875845,0.000888
0_0000100_1_1001000,-9.000000,-9.109270,0.011995
0_0001001_1_1110100,-464.000000,-467.523858,0.007537
0_0001010_0_1001000,576.000000,585.071594,0.015505
0_0001001_0_1100011,396.000000,399.367847,0.008433
0_0001000_0_1110100,232.000000,237.056875,0.021332
0_0001000_1_1011100,-184.000000,-185.346719,0.007266
0_0000111_0_1001010,74.000000,75.111598,0.014799
0_0001001_1_1101100,-432.000000,-430.549041,0.003370
0_0001001_0_1010011,332.000000,334.690865,0.008040
0_0000110_0_1100000,48.000000,44.786058,0.071762
0_0000110_1_1100000,-48.000000,-50.841269,0.055885
0_0001000_1_1110010,-228.000000,-225.635203,0.010481
0_0001010_1_1010110,-688.000000,-689.715928,0.002488
0_0001000_1_1100010,-196.000000,-198.236741,0.011283
0_0001001_1_1011110,-376.000000,-374.758781,0.003312
0_0001000_1_1000010,-132.000000,-131.236200,0.005820
0_0001001_1_1011100,-368.000000,-365.666842,0.006381
0_0001001_0_1010010,328.000000,330.190708,0.006635
0_0001000_0_1000100,136.000000,136.714004,0.005223
0_0001010_1_1001011,-600.000000,-602.900760,0.004811
0_0001000_0_1110000,224.000000,228.512592,0.019748
0_0001000_1_1001111,-158.000000,-157.825204,0.001108
0_0001000_0_1110100,232.000000,234.697961,0.011495
0_0000101_1_1101100,-27.000000,-27.325703,0.011919
0_0001001_1_1010000,-320.000000,-317.896044,0.006618
0_0001000_0_1111110,252.000000,251.680969,0.001268
0_0001001_0_1000111,284.000000,284.941744,0.003305
0_0001001_1_1100101,-404.000000,-404.490197,0.001212
0_0001000_0_1110100,232.000000,234.159488,0.009222
0_0001001_1_1000011,-268.000000,-269.917346,0.007103
0_0000110_1_1100000,-48.000000,-50.102895,0.041972
0_0001000_1_1100001,-194.000000,-194.630674,0.003240
0_0001000_1_1100100,-200.000000,-198.367428,0.008230
0_0001010_1_1001100,-608.000000,-613.117954,0.008347
0_0001000_0_1001110,156.000000,159.549696,0.022248
0_0001001_0_1111000,480.000000,485.231304,0.010781
0_0000110_1_1100000,-48.000000,-48.262993,0.005449
0_0000100_0_1000000,8.000000,8.428406,0.050829
0_0001001_0_1110010,456.000000,457.121219,0.002453
0_0000011_0_1000000,4.000000,4.093045,0.022732
0_0001010_1_1110010,-912.000000,-914.921784,0.003193
0_0001001_0_1111101,500.000000,503.832306,0.007606
0_0000110_1_1110000,-56.000000,-54.539967,0.026770
0_0000111_0_1100001,97.000000,98.237692,0.012599
0_0001010_1_1010100,-672.000000,-680.279739,0.012171
0_0001001_0_1000001,260.000000,262.639248,0.010049
0_0001001_0_1010010,328.000000,333.344055,0.016032
0_0001000_1_1000010,-132.000000,-131.063923,0.007142
0_0001001_0_1010110,344.000000,343.503580,0.001445
0_0001001_1_1010101,-340.000000,-340.697872,0.002048
0_0001001_1_1111011,-492.000000,-492.822507,0.001669
0_0001000_0_1000100,136.000000,138.554912,0.018440
0_0001001_1_1101010,-424.000000,-428.573106,0.010671
0_0001010_0_1011111,760.000000,765.328427,0.006962
0_0000110_1_1101100,-54.000000,-53.386840,0.011485
0_0001010_1_1010111,-696.000000,-703.297330,0.010376
0_0001000_0_1111010,244.000000,246.970543,0.012028
0_0000101_1_1100000,-24.000000,-24.334715,0.013755
0_0000011_1_1000000,-4.000000,-1.973132,1.027234
0_0001000_0_1101010,212.000000,213.935598,0.009048
0_0001010_0_1001100,608.000000,617.079600,0.014714
0_0001000_0_1101100,216.000000,218.548995,0.011663
0_0000110_1_1101000,-52.000000,-53.438565,0.026920
0_0001010_0_1010110,688.000000,694.711267,0.009661
0_0001001_0_1110110,472.000000,472.807420,0.001708
0_0001001_1_1011110,-376.000000,-374.947206,0.002808
0_0001001_1_1111001,-484.000000,-487.656451,0.007498
0_0000111_0_1111110,126.000000,126.657103,0.005188
0_0000111_0_1100000,96.000000,97.034568,0.010662
0_0001001_0_1010011,332.000000,333.494632,0.004482
0_0001001_0_1101110,440.000000,442.551713,0.005766
0_0001001_1_1010101,-340.000000,-341.150768,0.003373
0_0001001_1_1001000,-288.000000,-288.887507,0.003072
0_0000111_1_1110000,-112.000000,-112.210334,0.001874
0_0000110_0_1001000,36.000000,32.645352,0.102760
0_0001001_1_1000011,-268.000000,-265.879940,0.007974
0_0001010_0_1001100,608.000000,612.877232,0.007958
0_0001001_1_1000010,-264.000000,-265.299191,0.004897
0_0001000_1_1000101,-138.000000,-139.453711,0.010424
0_0001010_1_1000101,-552.000000,-557.654375,0.010140
0_0001001_0_1111000,480.000000,482.982536,0.006175
0_0001001_0_1011111,380.000000,384.307267,0.011208
0_0001000_1_1100100,-200.000000,-200.543443,0.002710
0_0000101_1_1010000,-20.000000,-19.730183,0.013675
0_0001000_0_1011110,188.000000,189.287761,0.006803
0_0001001_0_1001101,308.000000,311.992723,0.012797
0_0001001_1_1011110,-376.000000,-376.915129,0.002428
0_0001000_0_1101000,208.000000,208.844987,0.004046
0_0000111_1_1111110,-126.000000,-125.248171,0.006003
0_0001010_0_1000000,512.000000,518.991371,0.013471
0_0001010_1_1000010,-528.000000,-529.570981,0.002967
0_0000111_0_1101100,108.000000,110.067152,0.018781
0_0001001_1_1111111,-508.000000,-509.229246,0.002414
0_0001000_1_1011010,-180.000000,-182.552099,0.013980
0_0001001_0_1100010,392.000000,396.063178,0.010259
0_0001010_0_1000010,528.000000,534.042055,0.011314
0_0001001_1_1000010,-264.000000,-263.183732,0.003102
0_0001000_1_1011110,-188.000000,-186.914649,0.005807
0_0000111_0_1100000,96.000000,97.719705,0.017598
0_0001001_0_1010011,332.000000,335.584111,0.010680
0_0001001_0_1010001,324.000000,324.149389,0.000461
0_0001001_1_1101100,-432.000000,-431.822929,0.000410
0_0000100_0_1100000,12.000000,13.343528,0.100688
0_0001010_1_1000111,-568.000000,-567.570234,0.000757
0_0001000_0_1000110,140.000000,143.215858,0.022455
0_0000110_0_1110000,56.000000,55.228774,0.013964
0_0001010_0_1010001,648.000000,652.841019,0.007415
0_0001010_0_1010010,656.000000,664.178758,0.012314
0_0001000_1_1010110,-172.000000,-171.895589,0.000607
0_0001010_0_1000001,520.000000,525.525075,0.010513
0_0001000_1_1011000,-176.000000,-177.205941,0.006805
0_0000111_1_1010010,-82.000000,-81.035145,0.011907
0_0001001_1_1101100,-432.000000,-432.057197,0.000132
0_0000111_1_1001000,-72.000000,-71.970759,0.000406
0_0001010_0_1011011,728.000000,737.544828,0.012941
0_0001010_0_1000110,560.000000,568.105329,0.014267
0_0001001_1_1011111,-380.000000,-378.321172,0.004438
0_0001010_0_1000101,552.000000,555.762905,0.006771
0_0001001_1_1111110,-504.000000,-505.028805,0.002037
0_0001001_0_1101110,440.000000,442.648946,0.005984
0_0001010_1_1101010,-848.000000,-854.534242,0.007647
0_0001001_0_1011001,356.000000,358.464685,0.006876
0_0001000_0_1001000,144.000000,148.182361,0.028224
0_0001001_0_1000010,264.000000,267.041948,0.011391
0_0001000_1_1011100,-184.000000,-184.921073,0.004981
0_0001010_0_1000111,568.000000,572.508774,0.007875
0_0001010_0_1011010,720.000000,729.717005,0.013316
0_0001000_0_1101011,214.000000,215.601617,0.007429
0_0001000_0_1110000,224.000000,227.264621,0.014365
0_0000111_0_1011100,92.000000,95.224305,0.033860
0_0001010_1_1010111,-696.000000,-704.388260,0.011909
0_0001001_0_1011100,368.000000,374.052083,0.016180
0_0001001_1_1001110,-312.000000,-312.872972,0.002790
0_0001001_0_1000110,280.000000,281.965554,0.006971
0_0001000_0_1111001,242.000000,244.075879,0.008505
0_0001001_1_1110100,-464.000000,-466.885723,0.006181
0_0001001_1_1101000,-416.000000,-417.269194,0.003042
0_0000111_1_1101000,-104.000000,-104.613179,0.005861
0_0001010_0_1011110,752.000000,759.986263,0.010508
0_0001001_0_1100001,388.000000,391.346708,0.008552
0_0001010_0_1001101,616.000000,625.640121,0.015408
0_0001000_1_1111100,-248.000000,-246.689659,0.005312
0_0001000_0_1101111,222.000000,222.529333,0.002379
0_0001010_0_1001001,584.000000,592.988315,0.015158
0_0001001_0_1110011,460.000000,462.180484,0.004718
0_0001010_1_1001010,-592.000000,-600.402085,0.013994
0_0001001_0_1000110,280.000000,280.961206,0.003421
0_0001000_0_1011101,186.000000,188.116809,0.011253
0_0001000_1_1111110,-252.000000,-253.839847,0.007248
0_0001001_1_1100001,-388.000000,-387.964069,0.000093
0_0001000_0_1110110,236.000000,237.656841,0.006972
0_0001010_1_1000101,-552.000000,-554.205148,0.003979
0_0001010_0_1001100,608.000000,609.773656,0.002909
0_0001000_0_1110110,236.000000,237.399191,0.005894
0_0001010_0_1100100,800.000000,806.457871,0.008008
0_0001010_1_1110010,-912.000000,-919.169730,0.007800
0_0001000_0_1001100,152.000000,154.029493,0.013176
0_0001010_1_1000010,-528.000000,-530.024435,0.003820
0_0001000_1_1100100,-200.000000,-200.371198,0.001853
0_0001010_1_1000101,-552.000000,-558.463764,0.011574
0_0001001_0_1111011,492.000000,494.413636,0.004882
0_0001000_0_1001010,148.000000,150.594189,0.017226
0_0000111_0_1101100,108.000000,108.309266,0.002855
0_0000110_0_1100000,48.000000,48.407728,0.008423
0_0001010_1_1001011,-600.000000,-603.790641,0.006278
0_0001010_0_1001000,576.000000,583.309672,0.012531
0_0001001_0_1011001,356.000000,360.168381,0.011573
0_0001001_1_1110100,-464.000000,-466.188876,0.004695
0_0001000_1_1001000,-144.000000,-144.205392,0.001424
0_0000101_1_1100000,-24.000000,-26.362835,0.089627
0_0001001_1_1100010,-392.000000,-395.117215,0.007889
0_0000100_1_1000000,-8.000000,-9.417244,0.150495
0_0000111_0_1001010,74.000000,74.950340,0.012680
0_0001000_0_1110100,232.000000,234.897425,0.012335
0_0001001_1_1110100,-464.000000,-465.845426,0.003961
0_0001010_1_1000111,-568.000000,-570.113032,0.003706
0_0001001_1_1100011,-396.000000,-400.621458,0.011536
0_0001000_1_1010000,-160.000000,-159.517522,0.003025
0_0001010_0_1000000,512.000000,522.099521,0.019344
0_0001000_1_1000110,-140.000000,-139.383981,0.004420
0_0001001_1_1010011,-332.000000,-332.627820,0.001887
0_0001000_1_1000110,-140.000000,-139.246455,0.005412
0_0001001_1_1111011,-492.000000,-493.919370,0.003886
0_0001001_1_1101000,-416.000000,-415.397772,0.001450
0_0001000_0_1011010,180.000000,181.387570,0.007650
0_0001001_0_1010101,340.000000,341.485374,0.004350
0_0001000_1_1101000,-208.000000,-207.387315,0.002954
0_0001001_1_1000000,-256.000000,-255.758295,0.000945
0_0000111_0_1011100,92.000000,94.144986,0.022784
0_0001001_0_1011000,352.000000,354.531770,0.007141
0_0001010_1_1100000,-768.000000,-778.556886,0.013560
0_0000111_1_1101000,-104.000000,-104.557558,0.005333
0_0000111_0_1011110,94.000000,94.344024,0.003646
0_0001000_0_1000110,140.000000,140.369453,0.002632
0_0001001_0_1100001,388.000000,391.353053,0.008568
0_0001010_0_1000111,568.000000,573.993704,0.010442
0_0001010_1_1000111,-568.000000,-570.423587,0.004249
0_0001010_1_1100100,-800.000000,-804.242486,0.005275
0_0001010_0_1000100,544.000000,550.474147,0.011761
0_0000111_1_1001110,-78.000000,-79.655554,0.020784
0_0001000_1_1000110,-140.000000,-140.115623,0.000825
0_0001001_0_1110010,456.000000,460.535358,0.009848
0_0001010_1_1000000,-512.000000,-511.149223,0.001664
0_0000011_1_1000000,-4.000000,-3.678766,0.087321
0_0001001_0_1110001,452.000000,456.945142,0.010822
0_0001000_1_1101111,-222.000000,-221.100407,0.004069
0_0001000_0_1110000,224.000000,226.703967,0.011927
0_0001001_1_1010101,-340.000000,-342.415118,0.007053
0_0000100_0_1100000,12.000000,10.586994,0.133466
0_0001000_1_1010010,-164.000000,-163.561489,0.002681
0_0001001_1_1011011,-364.000000,-365.704183,0.004660
0_0000110_1_1011100,-46.000000,-45.513633,0.010686
0_0000111_0_1111000,120.000000,120.175837,0.001463
0_0001001_1_1000000,-256.000000,-255.122272,0.003440
0_0001000_0_1111000,240.000000,238.500254,0.006288
0_0001001_0_1000111,284.000000,287.685797,0.012812
0_0000111_0_1111100,124.000000,125.590417,0.012664
0_0001010_1_1001011,-600.000000,-603.237688,0.005367
0_0001010_1_1001100,-608.000000,-613.659121,0.009222
0_0001001_1_1010001,-324.000000,-324.748474,0.002305
0_0001010_0_1100110,816.000000,821.538087,0.006741
0_0001010_0_1010100,672.000000,680.413882,0.012366
0_0001000_0_1001000,144.000000,148.535740,0.030536
0_0000111_0_1100000,96.000000,96.783093,0.008091
0_0001000_1_1100010,-196.000000,-196.975468,0.004952
0_0001010_1_1001101,-616.000000,-622.227927,0.010009
0_0000110_1_1011101,-46.500000,-46.736590,0.005062
0_0001010_1_1001111,-632.000000,-633.946974,0.003071
0_0000101_0_1100000,24.000000,24.500181,0.020415
0_0001000_0_1010010,164.000000,165.571019,0.009488
0_0001001_0_1000000,256.000000,257.059396,0.004121
0_0001001_0_1000111,284.000000,289.157803,0.017837
0_0000111_0_1001101,77.000000,78.362140,0.017383
0_0001010_0_1011100,736.000000,739.351768,0.004533
0_0001001_0_1001011,300.000000,304.292023,0.014105
0_0001000_0_1101110,220.000000,219.842515,0.000716
0_0001000_0_1000100,136.000000,136.195612,0.001436
0_0001001_1_1110010,-456.000000,-453.542366,0.005419
0_0001001_1_1011000,-352.000000,-352.036360,0.000103
0_0000011_1_1100000,-6.000000,-7.029428,0.146446
0_0001001_0_1110011,460.000000,465.112160,0.010991
0_0001010_0_1000100,544.000000,545.061250,0.001947
0_0001010_0_1101011,856.000000,859.162478,0.003681
0_0001010_1_1110000,-896.000000,-902.460125,0.007158
0_0001000_0_1110110,236.000000,240.687189,0.019474
0_0001000_0_1010010,164.000000,164.447375,0.002720
0_0001010_1_1000110,-560.000000,-561.768385,0.003148
0_0000111_0_1111100,124.000000,125.756700,0.013969
0_0000110_0_1111000,60.000000,59.148170,0.014402
0_0000110_1_1001100,-38.000000,-37.897361,0.002708
0_0001000_1_1111110,-252.000000,-254.927492,0.011484
0_0001001_0_1000001,260.000000,263.309683,0.012570
0_0001010_1_1110100,-928.000000,-931.702461,0.003974
0_0001000_1_1010100,-168.000000,-169.077604,0.006373
